geodist,gendist
9.18311,-0.0284961
9.18311,-0.0285193
9.18311,-0.0326638
9.18311,-0.048051
9.18102,0.174575
9.18102,0.135027
9.18102,0.147043
9.18102,0.148539
9.18102,0.1499
9.18102,0.132226
9.18102,0.0983703
9.18102,0.131536
9.18102,0.176041
9.18102,0.164934
9.18102,0.143851
9.18102,0.147095
9.18102,0.164198
9.18102,0.133442
9.18102,0.163554
9.18102,0.101984
9.18102,0.12295
9.18102,0.143318
9.18102,0.111323
9.18102,0.138304
9.18034,0.127592
9.18034,0.127442
9.18034,0.120984
9.18034,0.159736
9.18034,0.101464
9.17814,0.176916
9.17814,0.140011
9.17814,0.143323
9.17814,0.109846
9.17746,0.111234
9.1771,-0.0386491
9.1771,-0.0457343
9.1771,-0.0792508
9.16487,0.137584
9.16487,0.167784
9.16487,0.178104
9.16487,0.145864
9.16487,0.140341
9.16487,0.135829
9.16487,0.139708
9.16487,0.188574
9.16487,0.157623
9.16487,0.195131
9.16487,0.222195
9.16487,0.180034
9.16487,0.201717
9.16487,0.163657
9.16487,0.178138
9.16487,0.119564
9.16487,0.156398
9.16487,0.126866
9.16487,0.161523
9.16487,0.1523
9.16487,0.1718
9.03469,0.107645
9.03469,0.107845
9.03469,0.115303
9.03469,0.139542
9.03469,0.117294
9.03469,0.154781
9.03469,0.168035
9.03469,0.130686
9.03469,0.167478
9.03469,0.168969
9.03469,0.175146
9.03469,0.177527
9.03469,0.142791
9.03469,0.136629
9.03469,0.165156
9.03469,0.106169
9.03469,0.119013
9.03469,0.119613
9.03469,0.16094
9.03469,0.154537
9.03469,0.162875
9.03469,0.183523
9.03469,0.1632
9.03469,0.171194
9.03469,0.176282
9.0314,0.107603
9.0314,0.136153
9.0314,0.130264
9.0314,0.160906
9.0314,0.133014
9.0314,0.134263
9.0314,0.163776
9.0314,0.164614
9.0314,0.173515
9.0314,0.154016
9.0314,0.124867
9.0314,0.12113
9.0314,0.116101
9.0314,0.180804
9.0314,0.179269
9.0314,0.130245
9.0314,0.136349
9.0314,0.154407
9.0314,0.144447
9.0314,0.166263
9.03117,0.0968609
9.03117,0.161051
9.03117,0.153773
9.03117,0.145625
9.03117,0.160665
9.02787,0.156607
9.02787,0.176353
9.02787,0.155706
9.02787,0.106339
8.92927,-0.0280171
8.92927,0.00454445
8.92891,0.0171449
8.92891,-0.0365858
8.92891,-0.0165964
8.92822,0.147492
8.92822,0.17688
8.92822,0.176771
8.92822,0.186137
8.92822,0.200011
8.92822,0.164966
8.92822,0.158187
8.92822,0.158553
8.92822,0.12504
8.92822,0.181315
8.92822,0.166034
8.92822,0.121334
8.92822,0.156285
8.92822,0.178108
8.92822,0.149076
8.92822,0.153693
8.92822,0.146921
8.92822,0.157613
8.92822,0.1896
8.92822,0.265404
8.92822,0.150844
8.92822,0.202748
8.92822,0.19569
8.92822,0.183647
8.92822,0.178523
8.92822,0.200305
8.92822,0.188167
8.92822,0.192935
8.92822,0.229221
8.92822,0.179354
8.92822,0.148424
8.92822,0.202241
8.92822,0.140053
8.92822,0.134284
8.92822,0.142161
8.92822,0.123425
8.92822,0.187359
8.92822,0.165902
8.92822,0.169694
8.92822,0.181808
8.92822,0.213951
8.92822,0.174867
8.91404,-0.00698711
8.90815,-0.0483909
8.90727,-0.0365276
8.8443,-0.0260053
8.8443,-0.0423629
8.8443,0.00232793
8.8443,-0.0506841
8.8443,-0.0545712
8.8443,0.00554631
8.8443,0.0108511
8.8443,-0.0394515
8.8443,-0.0160501
8.8443,-0.0353181
8.8443,-0.00557039
8.8443,-0.0311557
8.8443,-0.00665449
8.8443,-0.0119004
8.8443,-0.00365253
8.8443,-0.0309234
8.8443,-0.0316723
8.8443,-0.031728
8.8443,-0.036711
8.8443,-0.049451
8.83875,0.0171334
8.83875,-0.0170612
8.83875,-0.0574462
8.83875,0.0200319
8.83875,-0.0422452
8.83875,-0.0467893
8.83875,0.00313975
8.83875,-0.0294108
8.83875,-0.0307515
8.83875,0.00918164
8.83875,0.00478633
8.83875,-0.0213896
8.83875,-0.00424066
8.83875,-0.0497361
8.83875,-0.0555014
8.83255,-0.0119902
8.83255,0.0104681
8.83255,-0.0415821
8.83255,-0.0228721
8.82695,-0.00339324
8.82695,-0.0328103
8.82695,-0.0101857
8.82367,0.195977
8.82367,0.144978
8.82367,0.163271
8.82367,0.229417
8.82367,0.127842
8.82367,0.184238
8.82367,0.22432
8.82367,0.199752
8.82367,0.219484
8.82367,0.144269
8.82367,0.13478
8.82367,0.172495
8.82367,0.132968
8.82367,0.164266
8.82367,0.13124
8.82367,0.181694
8.82367,0.204051
8.82367,0.13074
8.82367,0.161918
8.82367,0.209867
8.82367,0.150775
8.82367,0.140065
8.82367,0.174825
8.82367,0.185423
8.82367,0.227587
8.82367,0.199666
8.82367,0.19564
8.82367,0.263334
8.82367,0.16856
8.82367,0.185598
8.82367,0.18052
8.82367,0.24081
8.82367,0.236078
8.82367,0.16056
8.82367,0.18008
8.82367,0.258185
8.82367,0.195421
8.82367,0.233942
8.82367,0.227106
8.82367,0.186813
8.82367,0.214033
8.82367,0.151835
8.82367,0.129976
8.82367,0.22415
8.82367,0.167487
8.82367,0.1763
8.82367,0.187338
8.82367,0.164595
8.82367,0.225285
8.82367,0.153438
8.82367,0.189836
8.82367,0.22828
8.82367,0.131083
8.82367,0.164248
8.82367,0.175875
8.82367,0.182907
8.82254,0.129767
8.82254,0.153452
8.82254,0.156671
8.82254,0.135883
8.82254,0.168971
8.82254,0.115232
8.82254,0.152087
8.82254,0.159573
8.82254,0.16985
8.82254,0.174564
8.82254,0.113777
8.82254,0.10131
8.82254,0.139467
8.82254,0.158024
8.82254,0.117477
8.82254,0.103381
8.82254,0.151171
8.82254,0.152786
8.82254,0.160489
8.82254,0.153215
8.82254,0.120229
8.82254,0.194503
8.82254,0.184387
8.82254,0.146907
8.82254,0.193481
8.82095,0.175011
8.82095,0.176783
8.82095,0.186507
8.82095,0.134462
8.82095,0.165898
8.82095,0.163066
8.82095,0.143654
8.82095,0.197141
8.82095,0.209025
8.82044,0.146377
8.82044,0.182641
8.82044,0.122268
8.82044,0.183519
8.82044,0.18549
8.80427,0.194741
8.80427,0.176785
8.80427,0.161752
8.80427,0.179106
8.80427,0.185222
8.80427,0.135043
8.80427,0.128582
8.80427,0.185728
8.80427,0.13237
8.80427,0.20198
8.80427,0.198784
8.80427,0.141016
8.80427,0.207214
8.80427,0.211992
8.80427,0.223798
8.80427,0.199534
8.80427,0.140868
8.80427,0.231534
8.80427,0.177498
8.80427,0.199603
8.80427,0.193028
8.80427,0.180834
8.80427,0.219547
8.80427,0.193707
8.80427,0.267894
8.80427,0.176458
8.80427,0.138448
8.80427,0.147312
8.80427,0.154618
8.80427,0.150102
8.80427,0.163353
8.80427,0.175714
8.80427,0.215929
8.80427,0.220143
8.80427,0.212777
8.79024,0.166102
8.79024,0.149347
8.79024,0.178494
8.79024,0.149241
8.79024,0.165643
8.79024,0.164587
8.79024,0.146759
8.79024,0.11747
8.79024,0.175548
8.79024,0.147507
8.79024,0.137061
8.79024,0.149252
8.79024,0.159721
8.79024,0.17722
8.79024,0.142144
8.79024,0.148359
8.79024,0.141119
8.79024,0.129307
8.79024,0.163653
8.79024,0.138697
8.78988,0.161992
8.78988,0.17366
8.78988,0.179519
8.78988,0.180712
8.78988,0.206373
8.78988,0.13439
8.78988,0.0971914
8.78988,0.154664
8.78988,0.164467
8.78988,0.156876
8.78988,0.10683
8.78988,0.181846
8.78988,0.188165
8.78988,0.214367
8.78988,0.177713
8.78988,0.113756
8.78988,0.10871
8.78988,0.130836
8.78988,0.143671
8.78988,0.158316
8.78988,0.121372
8.78988,0.133129
8.78988,0.111345
8.78988,0.156697
8.78988,0.133093
8.78688,0.146631
8.78688,0.149222
8.78688,0.144877
8.78688,0.11329
8.78653,0.219141
8.78653,0.115761
8.78653,0.155438
8.78653,0.156223
8.78653,0.156094
8.76415,0.164115
8.76415,0.140546
8.76415,0.159817
8.76415,0.155973
8.76415,0.17266
8.76415,0.117719
8.76415,0.143691
8.76415,0.141137
8.76415,0.192354
8.76415,0.208607
8.76415,0.242335
8.76415,0.18909
8.76415,0.220551
8.76415,0.168311
8.76415,0.211815
8.76415,0.194954
8.76415,0.121348
8.76415,0.14896
8.76415,0.16336
8.76415,0.16161
8.76415,0.149777
8.76415,0.133082
8.76415,0.173882
8.76415,0.123824
8.76415,0.136674
8.76415,0.139068
8.76415,0.178647
8.76415,0.146724
8.76415,0.159512
8.76415,0.11934
8.76415,0.168156
8.76415,0.0987712
8.76415,0.15858
8.76415,0.162742
8.76415,0.193547
8.76415,0.153875
8.76415,0.184198
8.76415,0.127572
8.76415,0.187995
8.76415,0.133074
8.76415,0.135816
8.76415,0.15757
8.76415,0.189773
8.76415,0.167721
8.76415,0.159732
8.76415,0.150717
8.76415,0.20142
8.76415,0.126574
8.76415,0.148697
8.76415,0.149323
8.76415,0.152644
8.76415,0.167987
8.76415,0.196364
8.76415,0.147683
8.76415,0.17634
8.76415,0.154854
8.76415,0.13653
8.76415,0.135304
8.76415,0.179009
8.76415,0.180154
8.76415,0.141814
8.76415,0.167219
8.76415,0.176934
8.76415,0.118736
8.76287,0.0272601
8.76287,-0.00237487
8.76287,0.0218908
8.76287,0.0172342
8.76287,0.0137224
8.76206,0.139114
8.76206,0.146391
8.76206,0.165622
8.76206,0.13467
8.76206,0.158825
8.76206,0.122486
8.76206,0.155128
8.76206,0.143909
8.76206,0.163376
8.76206,0.174272
8.76206,0.180709
8.76206,0.175298
8.76206,0.209273
8.76206,0.131637
8.76206,0.212163
8.76206,0.180165
8.76206,0.121971
8.76206,0.132468
8.76206,0.129495
8.76206,0.132707
8.76206,0.156857
8.76206,0.142579
8.76206,0.163725
8.76206,0.12138
8.76206,0.162435
8.76206,0.173479
8.76206,0.185589
8.76206,0.173273
8.76206,0.161318
8.76206,0.170111
8.76206,0.194618
8.76206,0.174531
8.76206,0.153133
8.76206,0.175425
8.76206,0.178241
8.76206,0.148007
8.76206,0.141452
8.76206,0.150876
8.76206,0.183308
8.76206,0.148028
8.76206,0.163366
8.76206,0.166355
8.76206,0.181527
8.76206,0.167355
8.76206,0.142559
8.76206,0.159461
8.76206,0.189598
8.76206,0.131102
8.76206,0.13609
8.76206,0.147674
8.76206,0.138931
8.76206,0.130803
8.76206,0.138681
8.76206,0.118733
8.76206,0.164476
8.76206,0.126277
8.76206,0.142673
8.76206,0.15801
8.76206,0.158255
8.76206,0.130058
8.76206,0.172391
8.76206,0.176621
8.76206,0.214153
8.76206,0.154588
8.76206,0.138693
8.76206,0.144726
8.76206,0.149809
8.76206,0.118698
8.76206,0.142486
8.76206,0.110987
8.76206,0.166326
8.76206,0.153177
8.76206,0.134781
8.76206,0.120369
8.76206,0.172581
8.76206,0.104749
8.76206,0.141079
8.76206,0.143752
8.76206,0.195911
8.76206,0.110225
8.76206,0.141896
8.76206,0.138552
8.76206,0.169741
8.76206,0.114325
8.76206,0.120507
8.76206,0.1352
8.76206,0.141893
8.76206,0.165055
8.7615,0.0968657
8.7615,0.186586
8.7615,0.138941
8.7615,0.122181
8.7615,0.154692
8.7615,0.205134
8.7615,0.173451
8.7615,0.173977
8.7615,0.160086
8.7615,0.192026
8.7615,0.166413
8.7615,0.154945
8.7615,0.137841
8.7615,0.141957
8.7615,0.165072
8.7615,0.110072
8.7615,0.162875
8.7615,0.175801
8.7615,0.201462
8.7615,0.164216
8.7615,0.146731
8.7615,0.161436
8.7615,0.185225
8.7615,0.155303
8.7615,0.161336
8.7615,0.185308
8.7615,0.160253
8.7615,0.137272
8.7615,0.140245
8.7615,0.15802
8.7615,0.155198
8.7615,0.141628
8.75939,0.114311
8.75939,0.164662
8.75939,0.124605
8.75939,0.124355
8.75939,0.161341
8.75939,0.195081
8.75939,0.153155
8.75939,0.132925
8.75939,0.106713
8.75939,0.142037
8.75939,0.12464
8.75939,0.159498
8.75939,0.163039
8.75939,0.172201
8.75939,0.154551
8.75939,0.188666
8.75939,0.137442
8.75939,0.176646
8.75939,0.149302
8.75939,0.156499
8.75939,0.136818
8.75939,0.150835
8.75939,0.138288
8.75939,0.151317
8.75939,0.171054
8.75939,0.148137
8.75939,0.114812
8.75939,0.153119
8.75939,0.16354
8.75939,0.155229
8.75939,0.149434
8.75939,0.15678
8.75939,0.155134
8.75939,0.130482
8.75939,0.144352
8.75939,0.140759
8.75939,0.151384
8.75939,0.129564
8.75939,0.139885
8.75939,0.139934
8.75939,0.117797
8.75939,0.155239
8.75939,0.142003
8.75939,0.106372
8.75812,0.203396
8.75812,0.186147
8.75812,0.227721
8.75812,0.147187
8.75812,0.13094
8.75812,0.180563
8.75812,0.190064
8.75812,0.130019
8.75812,0.212116
8.75812,0.159974
8.75812,0.180249
8.75812,0.246182
8.75812,0.139072
8.75812,0.129038
8.75812,0.192842
8.75812,0.151085
8.75812,0.140042
8.75812,0.220282
8.75812,0.209571
8.75812,0.16119
8.75812,0.210471
8.75812,0.169192
8.75812,0.137061
8.75812,0.216655
8.75709,0.119736
8.75709,0.127046
8.75709,0.108809
8.75709,0.0971121
8.75709,0.119551
8.75709,0.121322
8.75709,0.181661
8.75709,0.129382
8.75709,0.150055
8.75709,0.143328
8.75709,0.15583
8.75709,0.171153
8.75709,0.164368
8.75709,0.152031
8.75709,0.191884
8.75709,0.121282
8.75709,0.151659
8.75709,0.0840371
8.75709,0.0956451
8.75709,0.1199
8.75709,0.116547
8.75709,0.175437
8.75709,0.164459
8.75709,0.135936
8.75709,0.167525
8.75446,-0.0334978
8.75446,0.00223388
8.75446,-0.0372732
8.75446,0.00222938
8.75446,-0.014535
8.75377,0.0827529
8.75352,-0.0273713
8.75352,-0.00443172
8.75352,-0.0298946
8.75352,-0.00305445
8.75352,-0.0446845
8.74801,0.119906
8.74801,0.172765
8.74801,0.122198
8.74801,0.133804
8.74801,0.148254
8.74801,0.130332
8.74801,0.191214
8.74801,0.144501
8.74801,0.143016
8.74801,0.192368
8.74801,0.117363
8.74801,0.163451
8.74801,0.152205
8.74801,0.161242
8.74801,0.193104
8.74801,0.121187
8.74801,0.195744
8.74801,0.145973
8.74801,0.148137
8.74801,0.154071
8.74528,-0.0202106
8.74433,-0.00935687
8.74011,0.14257
8.74011,0.125771
8.74011,0.103299
8.74011,0.126132
8.74011,0.0933393
8.74011,0.138786
8.74011,0.125493
8.74011,0.116022
8.74011,0.150018
8.74011,0.118881
8.74011,0.167163
8.74011,0.163317
8.74011,0.17153
8.74011,0.213111
8.74011,0.142806
8.74011,0.177974
8.74011,0.174385
8.74011,0.180978
8.74011,0.195896
8.74011,0.196554
8.74011,0.17407
8.74011,0.192325
8.74011,0.169148
8.74011,0.190412
8.74011,0.169405
8.74011,0.178758
8.74011,0.121408
8.74011,0.101867
8.74011,0.0820217
8.74011,0.136137
8.74011,0.094384
8.74011,0.0947906
8.74011,0.172569
8.74011,0.13162
8.74011,0.148624
8.74011,0.145955
8.74011,0.141092
8.74011,0.169466
8.74011,0.138717
8.74011,0.143154
8.74011,0.113939
8.74011,0.161209
8.74011,0.133262
8.74011,0.0997521
8.74011,0.119113
8.74011,0.140203
8.74011,0.161395
8.74011,0.102333
8.74011,0.195161
8.74011,0.177255
8.74011,0.167494
8.74011,0.147124
8.74011,0.134357
8.74011,0.153615
8.74011,0.14341
8.74011,0.154376
8.74011,0.154433
8.74011,0.164087
8.74011,0.185302
8.74011,0.161662
8.74011,0.144319
8.74011,0.166408
8.74011,0.103092
8.74011,0.0856685
8.74011,0.0881325
8.74011,0.135842
8.74011,0.118624
8.74011,0.127459
8.74011,0.17467
8.74011,0.0806164
8.74011,0.154712
8.74011,0.112634
8.74011,0.155125
8.74011,0.142795
8.74011,0.116605
8.74011,0.14268
8.74011,0.126462
8.74011,0.173747
8.74011,0.132005
8.74011,0.122756
8.74011,0.133736
8.74011,0.111444
8.74011,0.175106
8.74011,0.173984
8.74011,0.153708
8.74011,0.131524
8.74011,0.117048
8.74011,0.130931
8.74011,0.0921474
8.74011,0.129841
8.74011,0.118281
8.74011,0.0963637
8.74011,0.152842
8.74011,0.109142
8.74011,0.180533
8.74011,0.140923
8.73915,0.112348
8.73915,0.188835
8.73915,0.133798
8.73915,0.127135
8.73915,0.0858924
8.73915,0.127523
8.73915,0.088996
8.73915,0.111528
8.73915,0.125267
8.73915,0.10885
8.73915,0.167416
8.73915,0.134838
8.73915,0.169555
8.73915,0.167305
8.73915,0.135472
8.73915,0.145969
8.73915,0.138263
8.73915,0.134083
8.73915,0.160096
8.73915,0.156797
8.73915,0.15196
8.73915,0.122231
8.73915,0.189706
8.73915,0.154814
8.73915,0.156207
8.73915,0.157063
8.73915,0.115316
8.73915,0.104799
8.73915,0.11698
8.73915,0.136892
8.73915,0.112399
8.73915,0.109586
8.73915,0.120354
8.73915,0.154143
8.73915,0.122273
8.73915,0.118272
8.73915,0.135944
8.73915,0.214419
8.73915,0.124234
8.73915,0.141688
8.73915,0.125864
8.73915,0.171748
8.73915,0.132369
8.73915,0.139602
8.73915,0.153339
8.73915,0.16298
8.73915,0.186655
8.73915,0.151285
8.73915,0.142057
8.73915,0.164615
8.73915,0.100502
8.73915,0.118291
8.73915,0.112064
8.73915,0.132476
8.73915,0.0953944
8.73915,0.125158
8.73915,0.127242
8.73915,0.124305
8.73915,0.18308
8.73915,0.12454
8.73915,0.164678
8.73915,0.147737
8.73915,0.145098
8.73915,0.14211
8.73915,0.0987048
8.73915,0.127067
8.73915,0.147687
8.73915,0.118392
8.73915,0.110039
8.73915,0.182457
8.73915,0.184454
8.73915,0.118428
8.73915,0.138668
8.73915,0.153003
8.73915,0.0982087
8.73915,0.118001
8.73915,0.0760356
8.73915,0.118359
8.73915,0.0888
8.73915,0.0947805
8.73915,0.130182
8.73915,0.0842092
8.73915,0.16507
8.73915,0.113381
8.73915,0.136634
8.73915,0.185387
8.73915,0.132999
8.73915,0.182747
8.73915,0.129054
8.73915,0.151303
8.73915,0.16281
8.73915,0.121086
8.73915,0.139186
8.73915,0.146076
8.73915,0.181623
8.73915,0.132816
8.73915,0.146098
8.73915,0.15004
8.73915,0.117483
8.73915,0.121863
8.73915,0.11549
8.73915,0.130796
8.73915,0.115707
8.73915,0.130801
8.73915,0.139513
8.73915,0.161184
8.73915,0.143795
8.73915,0.153325
8.73915,0.145371
8.73915,0.16342
8.73915,0.117699
8.73915,0.107266
8.73915,0.109503
8.73915,0.135422
8.73915,0.103494
8.73915,0.11751
8.73915,0.122079
8.73915,0.116668
8.73915,0.165744
8.73915,0.14772
8.73915,0.124813
8.73915,0.141637
8.73915,0.0928043
8.73915,0.117147
8.73915,0.0718039
8.73915,0.12041
8.73915,0.0853419
8.73915,0.0913128
8.73915,0.115683
8.73915,0.108393
8.73915,0.170952
8.73915,0.105555
8.71988,0.106192
8.71988,0.129746
8.71988,0.13332
8.71988,0.135464
8.71988,0.179086
8.71988,0.0846479
8.71988,0.13885
8.71988,0.100038
8.71988,0.113703
8.71988,0.157897
8.71988,0.0908547
8.71988,0.168164
8.71988,0.118407
8.71988,0.0893703
8.71988,0.163275
8.71988,0.0901031
8.71988,0.146836
8.71988,0.0883422
8.71988,0.120615
8.71988,0.117998
8.71895,0.118359
8.71895,0.118558
8.71895,0.136438
8.71895,0.178181
8.71895,0.181385
8.71895,0.20497
8.71895,0.20375
8.71895,0.200395
8.71895,0.131359
8.71895,0.134161
8.71895,0.108686
8.71895,0.157509
8.71895,0.135087
8.71895,0.133008
8.71895,0.114226
8.71895,0.169904
8.71895,0.150532
8.71895,0.165938
8.71895,0.147506
8.71895,0.200228
8.71895,0.107086
8.71895,0.136469
8.71895,0.119241
8.71895,0.124937
8.71895,0.154533
8.71895,0.171884
8.71895,0.116017
8.71895,0.161872
8.71895,0.0875636
8.71895,0.117139
8.71895,0.149016
8.71895,0.160685
8.71831,0.079884
8.71831,0.136438
8.71831,0.130436
8.71831,0.117348
8.71831,0.161393
8.71776,0.121917
8.71776,0.129348
8.71776,0.132526
8.71776,0.147004
8.71776,0.133665
8.71776,0.170616
8.71776,0.137233
8.71776,0.19964
8.71776,0.133997
8.71776,0.120165
8.71776,0.0992023
8.71776,0.163584
8.71776,0.144973
8.71776,0.142614
8.71776,0.142723
8.71776,0.189001
8.71776,0.11879
8.71776,0.14255
8.71776,0.158757
8.71776,0.174326
8.71776,0.106274
8.71776,0.113669
8.71776,0.169501
8.71776,0.208606
8.71776,0.107478
8.71776,0.139158
8.71776,0.119678
8.71776,0.156932
8.71776,0.122272
8.71776,0.142049
8.71776,0.128627
8.71776,0.159946
8.71776,0.154031
8.71776,0.150252
8.71776,0.11877
8.71776,0.188879
8.71776,0.116098
8.71776,0.12742
8.71776,0.136756
8.71776,0.159433
8.71776,0.10009
8.71776,0.100774
8.71776,0.110101
8.71776,0.152898
8.68968,0.195717
8.68968,0.171936
8.68968,0.183614
8.68968,0.151084
8.68968,0.151467
8.68968,0.184762
8.68968,0.159583
8.68968,0.133821
8.68968,0.183391
8.68968,0.192785
8.68968,0.174932
8.68968,0.202304
8.68968,0.201805
8.68968,0.231167
8.68968,0.212515
8.68968,0.176858
8.68968,0.15114
8.68968,0.171386
8.68968,0.181561
8.68968,0.156446
8.68968,0.186611
8.64303,0.144299
8.64303,0.157775
8.64303,0.191901
8.64303,0.139792
8.64303,0.0891586
8.64303,0.204021
8.64303,0.178164
8.64303,0.157221
8.64303,0.183146
8.64303,0.154988
8.64303,0.14834
8.64303,0.175341
8.64303,0.19894
8.64303,0.139143
8.64303,0.212392
8.62966,0.062274
8.62966,0.0334466
8.62966,0.0231232
8.62936,0.0210888
8.62936,0.0589861
8.62161,-0.0152931
8.62161,-0.0159207
8.62161,-0.00502785
8.62131,-0.017416
8.62131,0.00078853
8.62109,0.049892
8.62109,-0.0212439
8.62109,-0.0158351
8.62079,0.00397179
8.62079,0.0137465
8.54322,0.134672
8.54322,0.1518
8.54322,0.16003
8.54322,0.164995
8.54322,0.175332
8.54322,0.156541
8.54322,0.205195
8.54322,0.157224
8.54322,0.128087
8.54322,0.147644
8.54322,0.13431
8.54322,0.136253
8.54322,0.138038
8.54322,0.106445
8.54322,0.14652
8.54322,0.138443
8.54322,0.14818
8.54322,0.153014
8.54322,0.198797
8.54322,0.169348
8.54322,0.136043
8.54322,0.0949163
8.54322,0.166162
8.54322,0.105947
8.54322,0.132762
8.54322,0.153531
8.54322,0.138997
8.54322,0.13848
8.54322,0.155539
8.54322,0.155887
8.54322,0.157402
8.54322,0.127239
8.54165,0.164529
8.54165,0.15403
8.54165,0.151183
8.54165,0.166367
8.54165,0.162809
8.54165,0.142013
8.54165,0.197441
8.54165,0.144804
8.54165,0.157533
8.54165,0.150349
8.54165,0.152424
8.54165,0.158612
8.54165,0.183297
8.54165,0.145307
8.54165,0.181285
8.54165,0.155199
8.54165,0.16636
8.54165,0.187512
8.54165,0.205365
8.54165,0.164432
8.54165,0.151142
8.54165,0.185329
8.54165,0.237396
8.54165,0.179801
8.54165,0.128732
8.54165,0.152618
8.54165,0.14903
8.54165,0.137552
8.54165,0.169815
8.54165,0.156957
8.54165,0.150196
8.54165,0.116441
8.54165,0.0916628
8.54165,0.161668
8.54165,0.184262
8.54165,0.144707
8.54165,0.108876
8.54165,0.110439
8.54165,0.12275
8.54165,0.136409
8.54165,0.141058
8.54165,0.156417
8.54165,0.126921
8.54165,0.134453
8.54165,0.16588
8.54165,0.126187
8.54165,0.179014
8.54165,0.1158
8.54165,0.126753
8.54165,0.152434
8.54165,0.159421
8.54165,0.106613
8.54165,0.121996
8.54165,0.134793
8.54165,0.156296
8.54165,0.14687
8.54053,0.141894
8.54053,0.191124
8.54053,0.193177
8.54053,0.160398
8.54053,0.145214
8.54053,0.153031
8.54053,0.125816
8.54053,0.106215
8.54053,0.146908
8.54053,0.150422
8.54053,0.140987
8.54053,0.132927
8.54053,0.15341
8.54053,0.163831
8.54053,0.150709
8.54053,0.142223
8.53899,0.14425
8.53899,0.186888
8.53899,0.152851
8.53899,0.163971
8.53899,0.153276
8.53899,0.180609
8.53899,0.155534
8.53899,0.171013
8.53899,0.189098
8.53899,0.2035
8.53899,0.194552
8.53899,0.217342
8.53899,0.136467
8.53899,0.123235
8.53899,0.148602
8.53899,0.133603
8.53899,0.129431
8.53899,0.14982
8.53899,0.135497
8.53899,0.113187
8.53899,0.173796
8.53899,0.173951
8.53899,0.138763
8.53899,0.115079
8.53899,0.127512
8.53899,0.174457
8.53899,0.147772
8.53899,0.125448
8.5305,0.207405
8.5305,0.208205
8.5305,0.205035
8.5305,0.210583
8.5305,0.21588
8.5305,0.177047
8.5305,0.154824
8.5305,0.153459
8.5305,0.124556
8.5305,0.118359
8.5305,0.152411
8.5305,0.132768
8.5305,0.163412
8.5305,0.187933
8.5305,0.168589
8.5305,0.157113
8.5305,0.171943
8.5305,0.12701
8.5305,0.197366
8.5305,0.20002
8.5305,0.150189
8.5305,0.197035
8.5305,0.218727
8.5305,0.160539
8.5305,0.124678
8.5305,0.144813
8.5305,0.162781
8.5305,0.136825
8.5305,0.145305
8.5305,0.124138
8.5305,0.150404
8.5305,0.153044
8.5305,0.138555
8.5305,0.172317
8.5305,0.152614
8.5305,0.132129
8.5305,0.158285
8.5305,0.159443
8.5305,0.149445
8.5305,0.165661
8.5305,0.178628
8.5305,0.135842
8.5305,0.176396
8.5305,0.16752
8.5305,0.169918
8.5305,0.17926
8.5305,0.146626
8.5305,0.151896
8.4443,0.155657
8.4443,0.180324
8.4443,0.114567
8.4443,0.150353
8.4443,0.167108
8.4443,0.147988
8.4443,0.162719
8.4443,0.131642
8.4443,0.131211
8.4443,0.14601
8.4443,0.18697
8.4443,0.148186
8.4443,0.133128
8.4443,0.189554
8.4443,0.122747
8.4443,0.130814
8.4443,0.104778
8.4443,0.136697
8.4443,0.133881
8.4443,0.108409
8.4443,0.123417
8.4443,0.126041
8.4443,0.144867
8.4443,0.131779
8.4443,0.150126
8.4443,0.171133
8.4443,0.121965
8.4443,0.100504
8.4443,0.154217
8.4443,0.160434
8.4443,0.141119
8.4443,0.120556
8.4443,0.137346
8.4443,0.139429
8.4443,0.166738
8.4443,0.14997
8.4443,0.128611
8.4443,0.155782
8.4443,0.106525
8.4443,0.12628
8.4443,0.0923194
8.4443,0.131568
8.4443,0.0936214
8.4443,0.134655
8.4443,0.101763
8.4443,0.140579
8.4443,0.172739
8.4443,0.132161
8.43904,0.17134
8.43904,0.156278
8.43904,0.11934
8.43904,0.125556
8.43904,0.11057
8.43904,0.158993
8.43904,0.116913
8.43904,0.10377
8.43904,0.155519
8.43904,0.118318
8.43904,0.198281
8.43904,0.162673
8.43904,0.160403
8.43904,0.159395
8.43904,0.154494
8.43904,0.166861
8.43904,0.112075
8.43904,0.162762
8.43904,0.14891
8.43904,0.13316
8.43904,0.167903
8.43904,0.18133
8.43904,0.201147
8.43904,0.123435
8.43904,0.162445
8.43904,0.205087
8.43904,0.149233
8.43904,0.145322
8.43904,0.138243
8.43904,0.143626
8.43904,0.154424
8.43904,0.122096
8.43904,0.149214
8.43904,0.1586
8.43904,0.201108
8.43904,0.128319
8.43904,0.191792
8.43904,0.160231
8.43904,0.115093
8.43904,0.153458
8.43904,0.146198
8.43904,0.169795
8.43904,0.148681
8.43904,0.118317
8.43904,0.156236
8.43904,0.13819
8.43904,0.180848
8.43904,0.114459
8.43904,0.136597
8.43904,0.126498
8.43904,0.107026
8.43904,0.0959556
8.43904,0.0791147
8.43904,0.148188
8.43904,0.0940169
8.43904,0.0863751
8.43904,0.110824
8.43904,0.142924
8.43904,0.152785
8.43904,0.118806
8.43904,0.112819
8.43904,0.178928
8.43904,0.143017
8.43904,0.137025
8.43904,0.113249
8.43904,0.112102
8.43904,0.134544
8.43904,0.0983542
8.43904,0.113521
8.43904,0.131608
8.43904,0.185604
8.43904,0.144147
8.43904,0.147712
8.43904,0.153471
8.43904,0.122211
8.43904,0.149762
8.43904,0.122424
8.43904,0.120061
8.43904,0.136395
8.43904,0.134163
8.43904,0.123923
8.43904,0.122199
8.43904,0.133146
8.43904,0.168432
8.43702,0.047227
8.43702,0.0654078
8.43702,0.0762642
8.43702,0.084404
8.43702,0.0713664
8.43702,0.0537747
8.43702,0.0846436
8.43702,0.0581332
8.43702,0.10269
8.43702,0.0750249
8.43702,0.111621
8.43702,0.0926252
8.43702,0.0241184
8.43702,0.0769541
8.43702,0.0826763
8.43702,0.0389391
8.43702,0.0565243
8.43702,0.0323971
8.43702,0.0550705
8.43702,0.0678001
8.43702,0.0374317
8.43702,0.054802
8.43702,0.0556241
8.43702,0.0220497
8.43702,0.0408861
8.43702,0.0231372
8.43702,0.0724832
8.43702,0.0694653
8.43702,0.0646794
8.43702,0.075695
8.43702,0.109106
8.43702,0.0717137
8.43702,0.0451677
8.43702,0.0351324
8.43702,0.0589826
8.43702,0.0711234
8.43702,0.0456754
8.43702,0.0839622
8.43702,0.0688568
8.43702,0.0971387
8.4281,0.155689
8.4281,0.148164
8.4281,0.197799
8.4281,0.171379
8.4281,0.121269
8.4281,0.127507
8.4281,0.116652
8.4281,0.151967
8.4281,0.122983
8.4281,0.135301
8.4281,0.160473
8.4281,0.183301
8.4281,0.0820886
8.4281,0.111382
8.4281,0.118258
8.4281,0.141245
8.42349,0.0981454
8.42349,0.139395
8.42349,0.14395
8.42349,0.186135
8.42349,0.10736
8.42349,0.1208
8.42349,0.122178
8.42349,0.177731
8.42349,0.155134
8.42349,0.174654
8.42349,0.18628
8.42349,0.201502
8.42349,0.138073
8.42349,0.167009
8.42349,0.15819
8.42349,0.193814
8.42349,0.0758992
8.42349,0.123059
8.42349,0.138438
8.42349,0.162968
8.42349,0.102877
8.42349,0.125042
8.42349,0.14055
8.42349,0.167041
8.42349,0.119643
8.42349,0.146968
8.42349,0.141575
8.42349,0.172823
8.41734,0.0332684
8.41734,0.0151666
8.41734,0.00976369
8.41734,0.0330687
8.41643,0.144539
8.41643,0.109768
8.41643,0.098803
8.41643,0.14045
8.41643,0.12302
8.41643,0.122159
8.41643,0.147293
8.41643,0.131548
8.41643,0.111722
8.41643,0.191852
8.41643,0.167473
8.41643,0.179812
8.41643,0.1675
8.41643,0.171518
8.41643,0.18191
8.41643,0.208989
8.41643,0.194788
8.41643,0.166931
8.41643,0.146198
8.41643,0.137178
8.41643,0.147752
8.41643,0.163435
8.41643,0.138943
8.41643,0.132407
8.41643,0.164103
8.41643,0.16049
8.41643,0.127416
8.41643,0.139995
8.41643,0.0850006
8.41643,0.110405
8.41643,0.150228
8.41643,0.140743
8.41643,0.0942597
8.41643,0.181217
8.41643,0.133155
8.41643,0.110871
8.41643,0.165137
8.41643,0.149021
8.41643,0.139
8.41643,0.138559
8.41643,0.14976
8.41643,0.150528
8.41643,0.179914
8.41643,0.134596
8.41643,0.120114
8.41643,0.134798
8.41643,0.12856
8.41643,0.145247
8.41643,0.121718
8.41643,0.144964
8.41643,0.129994
8.41643,0.160807
8.41643,0.13299
8.41643,0.141472
8.41643,0.159052
8.41643,0.120502
8.41643,0.115268
8.41643,0.122122
8.41643,0.166673
8.41643,0.115557
8.41643,0.15187
8.41643,0.136235
8.41643,0.144741
8.41643,0.135852
8.41643,0.126801
8.41643,0.126971
8.41643,0.16519
8.41643,0.166864
8.41643,0.117426
8.41643,0.135752
8.41643,0.151074
8.41643,0.126636
8.41374,-0.0306346
8.41374,-0.0192945
8.41374,-0.0207028
8.41374,-0.0484439
8.41345,-0.0318647
8.41345,-0.0434195
8.41345,0.0178689
8.41345,-0.0463902
8.41208,0.136921
8.41208,0.129165
8.41208,0.133266
8.41208,0.139657
8.41208,0.126511
8.41208,0.125012
8.41208,0.128479
8.41208,0.133773
8.41208,0.113985
8.41208,0.171519
8.41208,0.146097
8.41208,0.125091
8.41208,0.158035
8.41208,0.14671
8.41208,0.143213
8.41208,0.169709
8.41208,0.168094
8.41208,0.157673
8.41208,0.147663
8.41208,0.119964
8.41208,0.0945784
8.41208,0.144549
8.41208,0.122864
8.41208,0.0958503
8.41208,0.154657
8.41208,0.176494
8.41208,0.157147
8.41208,0.177489
8.41208,0.103496
8.41208,0.150489
8.41208,0.1513
8.41208,0.176779
8.41208,0.131464
8.41208,0.141088
8.41208,0.152854
8.41208,0.15111
8.41208,0.134081
8.41208,0.15103
8.41208,0.14895
8.41208,0.143969
8.41208,0.163063
8.41208,0.119516
8.41208,0.122249
8.41208,0.144685
8.41208,0.0959508
8.41208,0.158662
8.41208,0.138562
8.41208,0.127246
8.41208,0.154842
8.41208,0.13164
8.41208,0.139953
8.41208,0.135324
8.41208,0.176196
8.41208,0.131238
8.41208,0.144921
8.41208,0.110809
8.41208,0.104821
8.41208,0.0939995
8.41208,0.137055
8.41208,0.10538
8.41208,0.0866957
8.41208,0.105925
8.41208,0.118255
8.41208,0.136377
8.41208,0.134672
8.41208,0.129344
8.41208,0.124964
8.41208,0.156778
8.41208,0.153257
8.41208,0.182797
8.41208,0.179856
8.41208,0.147442
8.41208,0.107271
8.41208,0.109891
8.41208,0.116855
8.41208,0.132877
8.41208,0.108862
8.41208,0.11487
8.41208,0.1661
8.41208,0.165343
8.41208,0.156792
8.41208,0.133194
8.41208,0.0908727
8.41208,0.151198
8.41208,0.13012
8.41208,0.128895
8.41208,0.119963
8.41208,0.167528
8.41208,0.129477
8.41208,0.113798
8.41208,0.14974
8.41208,0.0964928
8.41208,0.0851096
8.41208,0.131106
8.41208,0.122419
8.41208,0.117866
8.41208,0.133956
8.41208,0.116012
8.41208,0.106816
8.40505,0.0409312
8.40505,0.0464484
8.40505,0.038823
8.40505,0.0428946
8.3986,0.0231683
8.3986,-0.0236523
8.3986,0.0125765
8.39777,0.0526492
8.39777,0.0877533
8.39777,0.071987
8.39777,0.0454576
8.39777,0.0696642
8.39777,0.0670621
8.39777,0.0041241
8.39777,0.0429753
8.39777,0.0596867
8.39777,0.0743809
8.39777,0.0597834
8.39777,0.0475914
8.39492,0.0273283
8.39492,-0.051881
8.39492,-0.0259369
8.39463,0.0262802
8.39463,-0.012606
8.39463,-0.0293956
8.3907,0.113143
8.3907,0.0766141
8.3907,0.0832042
8.3907,0.0941494
8.3907,0.0887449
8.3907,0.0894897
8.3907,0.0622751
8.38388,0.0890591
8.38388,0.119472
8.38388,0.154292
8.38388,0.11692
8.38388,0.131989
8.38388,0.0779034
8.38388,0.111231
8.38388,0.136987
8.38388,0.127861
8.38388,0.149177
8.38388,0.152287
8.38388,0.1436
8.38388,0.145129
8.38388,0.153128
8.38388,0.125858
8.38388,0.137647
8.38388,0.121564
8.38388,0.143739
8.38388,0.0835637
8.38388,0.125587
8.38388,0.134503
8.38388,0.161086
8.38388,0.141308
8.38388,0.171672
8.38388,0.155535
8.38388,0.132699
8.38388,0.136503
8.38388,0.152667
8.38388,0.126318
8.38388,0.0984277
8.38388,0.116756
8.38388,0.108797
8.38388,0.144662
8.38388,0.102161
8.38388,0.112451
8.38388,0.161896
8.38388,0.161459
8.38388,0.111925
8.38388,0.117015
8.38388,0.14967
8.38388,0.147434
8.38388,0.128367
8.38388,0.108374
8.38388,0.0950391
8.38388,0.105689
8.38388,0.0861964
8.38388,0.102159
8.38388,0.0894919
8.38388,0.10059
8.38388,0.136973
8.38388,0.111813
8.38388,0.123425
8.38388,0.0881911
8.38388,0.178289
8.38388,0.12608
8.38388,0.09545
8.38388,0.134868
8.38388,0.12702
8.38388,0.148913
8.38388,0.105577
8.38388,0.146434
8.38388,0.126551
8.38388,0.105223
8.38388,0.121356
8.38388,0.0892451
8.38388,0.146327
8.38388,0.110491
8.38388,0.140749
8.38388,0.103535
8.38388,0.100345
8.38388,0.0903709
8.38388,0.101299
8.38388,0.0959217
8.38388,0.101711
8.38388,0.0886644
8.38388,0.0963815
8.38388,0.130314
8.38385,0.12331
8.38385,0.122461
8.38385,0.184618
8.38385,0.0997131
8.38385,0.118375
8.38385,0.105807
8.38385,0.123981
8.38385,0.185308
8.38385,0.1712
8.38385,0.172774
8.38385,0.17675
8.38385,0.175008
8.38385,0.18165
8.38385,0.161166
8.38385,0.105556
8.38385,0.133548
8.38385,0.132712
8.38385,0.181951
8.38385,0.134442
8.38385,0.120516
8.38385,0.124939
8.38385,0.177257
8.38385,0.131814
8.38385,0.174439
8.38385,0.176787
8.38385,0.167449
8.38385,0.133778
8.38385,0.172922
8.38385,0.117808
8.38385,0.106014
8.38385,0.124699
8.38385,0.181438
8.38385,0.148809
8.38385,0.152587
8.38385,0.139521
8.38385,0.149554
8.38385,0.149025
8.38385,0.179627
8.38385,0.155154
8.38385,0.15848
8.38385,0.169722
8.38385,0.117924
8.38385,0.166141
8.38385,0.0885292
8.38385,0.122769
8.38385,0.172828
8.38385,0.149633
8.38385,0.0977887
8.38385,0.118911
8.38385,0.156356
8.38385,0.118302
8.38385,0.133867
8.38385,0.204371
8.38385,0.170458
8.38385,0.12493
8.38385,0.163922
8.38385,0.141196
8.38385,0.119533
8.38385,0.144994
8.38385,0.179795
8.38385,0.125951
8.38385,0.129355
8.38385,0.140027
8.38385,0.118883
8.38385,0.133332
8.38385,0.11831
8.38385,0.13071
8.38385,0.157056
8.38385,0.110969
8.38385,0.114277
8.38385,0.118637
8.38385,0.12163
8.38385,0.118063
8.38385,0.16677
8.38385,0.120937
8.38385,0.126657
8.38385,0.108175
8.38223,0.135163
8.38223,0.117355
8.38223,0.111288
8.38223,0.122659
8.38223,0.129006
8.38223,0.116434
8.38223,0.129297
8.38223,0.121672
8.38223,0.127014
8.38223,0.125613
8.38223,0.114654
8.38223,0.093617
8.38223,0.103793
8.38223,0.106259
8.38223,0.184273
8.38223,0.17626
8.38223,0.172925
8.38223,0.179645
8.38223,0.150068
8.38223,0.165243
8.38223,0.200634
8.38223,0.213302
8.38223,0.204151
8.38223,0.213261
8.38223,0.135193
8.38223,0.188167
8.38223,0.170344
8.38223,0.162421
8.38223,0.137418
8.38223,0.144539
8.38223,0.14924
8.38223,0.137234
8.38223,0.106055
8.38223,0.139026
8.38223,0.142465
8.38223,0.14727
8.38223,0.12619
8.38223,0.114643
8.38223,0.123049
8.38223,0.12255
8.38223,0.135567
8.38223,0.105623
8.38223,0.11226
8.38223,0.11677
8.38223,0.122727
8.38223,0.11441
8.38223,0.12136
8.38223,0.107308
8.38223,0.135983
8.38223,0.120227
8.38223,0.110259
8.38223,0.109947
8.38223,0.0978058
8.38223,0.143775
8.38223,0.104784
8.38223,0.103601
8.38223,0.153036
8.38223,0.111842
8.38223,0.160492
8.38223,0.172287
8.38223,0.14686
8.38223,0.126341
8.38223,0.14878
8.38223,0.110544
8.38223,0.14973
8.38223,0.163749
8.38223,0.139877
8.38223,0.125996
8.38223,0.138208
8.38223,0.126446
8.38223,0.135898
8.38223,0.135474
8.38223,0.12559
8.38223,0.124393
8.38223,0.10846
8.38223,0.107933
8.38223,0.135788
8.38223,0.101963
8.38223,0.0721224
8.38223,0.145483
8.38223,0.133292
8.38223,0.116577
8.38223,0.114745
8.38223,0.0933279
8.38223,0.158208
8.38223,0.115403
8.38223,0.15795
8.38223,0.167893
8.38223,0.172143
8.38223,0.12416
8.38223,0.144898
8.38223,0.162259
8.38223,0.115749
8.38223,0.162949
8.38223,0.0871645
8.38223,0.151037
8.38223,0.121759
8.38223,0.105237
8.38223,0.128669
8.38223,0.114103
8.38223,0.16455
8.38223,0.137895
8.38223,0.154547
8.38223,0.138739
8.38223,0.124459
8.38223,0.119448
8.38223,0.0958879
8.38223,0.152632
8.38223,0.078326
8.38223,0.112695
8.38223,0.103289
8.38223,0.0885964
8.37579,0.138647
8.37579,0.197825
8.37579,0.190734
8.37579,0.139227
8.37579,0.136562
8.37579,0.163093
8.37579,0.127759
8.37579,0.159021
8.37579,0.159697
8.37579,0.13372
8.37579,0.138621
8.37579,0.144561
8.37579,0.142147
8.37579,0.187538
8.37579,0.149567
8.37579,0.135093
8.37579,0.114217
8.37579,0.12232
8.36744,0.205144
8.36744,0.188523
8.36744,0.150796
8.36744,0.154659
8.36744,0.183586
8.36744,0.106538
8.36744,0.142947
8.36744,0.151655
8.36744,0.151605
8.36744,0.151422
8.36744,0.143963
8.36744,0.124507
8.36744,0.151011
8.36744,0.156842
8.36744,0.122614
8.36744,0.182689
8.36744,0.153918
8.36744,0.102596
8.36744,0.144256
8.36744,0.161373
8.36744,0.141827
8.36744,0.12255
8.36744,0.12277
8.36744,0.136279
8.36744,0.212473
8.36744,0.199806
8.36744,0.181993
8.36744,0.168052
8.36744,0.181716
8.36744,0.176473
8.34975,0.148721
8.34975,0.110308
8.34975,0.083236
8.34975,0.0989732
8.34975,0.104656
8.34975,0.192189
8.34975,0.128506
8.34975,0.196386
8.34975,0.120757
8.34975,0.135836
8.34975,0.205164
8.34975,0.198322
8.34975,0.178947
8.34975,0.163677
8.34975,0.13658
8.34975,0.170485
8.34975,0.117433
8.34975,0.164624
8.34975,0.126901
8.34975,0.113033
8.34975,0.191486
8.34975,0.146568
8.34975,0.204742
8.34975,0.159028
8.34975,0.149576
8.34951,0.174086
8.34951,0.15106
8.34951,0.21135
8.34951,0.11108
8.34951,0.127418
8.34951,0.131244
8.34951,0.133682
8.34951,0.11194
8.34951,0.0957229
8.34951,0.0791038
8.34951,0.169159
8.34951,0.154603
8.34951,0.146392
8.34951,0.147896
8.34951,0.0932409
8.34951,0.150692
8.34951,0.0875112
8.34951,0.111306
8.34951,0.11793
8.34951,0.0995309
8.34729,0.178985
8.34729,0.106677
8.34729,0.148263
8.34729,0.115143
8.34729,0.114231
8.34635,0.145116
8.34635,0.126298
8.34635,0.128091
8.34635,0.167487
8.34635,0.1544
8.34635,0.132911
8.34635,0.131003
8.34635,0.109583
8.34635,0.162328
8.34635,0.141963
8.34635,0.157201
8.34635,0.149448
8.34635,0.114719
8.34635,0.0904228
8.34635,0.132519
8.34635,0.065544
8.34618,0.141166
8.34618,0.0970668
8.34618,0.114827
8.34618,0.136716
8.34618,0.155942
8.34618,0.132053
8.34618,0.153222
8.34618,0.113347
8.34618,0.1809
8.34618,0.13234
8.34618,0.170414
8.34618,0.103032
8.34618,0.133724
8.34618,0.10425
8.34618,0.13243
8.34618,0.119869
8.34618,0.15361
8.34618,0.165553
8.34618,0.161503
8.34618,0.140286
8.34413,0.150504
8.34413,0.114675
8.34413,0.108318
8.34413,0.101274
8.33616,0.143516
8.33616,0.115997
8.33616,0.126982
8.33616,0.121701
8.33616,0.102038
8.33616,0.167647
8.33616,0.183006
8.33616,0.160601
8.33616,0.137267
8.33616,0.102444
8.33616,0.170843
8.33616,0.110114
8.33616,0.171678
8.33616,0.0848346
8.33616,0.127383
8.33616,0.188137
8.33616,0.149317
8.33616,0.169727
8.33616,0.132097
8.33616,0.111213
8.33254,0.139133
8.33254,0.1355
8.33254,0.133272
8.33254,0.111116
8.33254,0.182085
8.33254,0.134954
8.33254,0.163607
8.33254,0.140476
8.33254,0.159929
8.33254,0.139393
8.33254,0.136241
8.33254,0.128947
8.33254,0.171139
8.33254,0.147855
8.33254,0.18044
8.33254,0.127204
8.32557,-0.0096312
8.32557,-0.0310042
8.32557,0.00404486
8.32557,0.0286039
8.32557,-0.0375931
8.32557,-0.00860689
8.32557,0.00556617
8.32557,0.0103975
8.32557,-0.038384
8.32557,0.0197936
8.32476,-0.0305655
8.32476,-0.0296683
8.32476,-0.0747
8.32476,0.00479045
8.32476,-0.0123149
8.32476,-0.0655302
8.32476,-0.0569379
8.32476,-0.0480171
8.32476,-0.0528086
8.32476,0.0177892
8.32476,0.0189229
8.32476,-0.0298342
8.32476,-0.0327672
8.32476,-0.0265193
8.32476,-0.0554474
8.30641,-0.0400944
8.30641,0.0395028
8.30559,-0.0111686
8.30559,-0.00520085
8.30559,-0.0113044
8.23038,0.155561
8.23038,0.106164
8.23038,0.113743
8.23038,0.159189
8.23038,0.136677
8.23038,0.120978
8.23038,0.153915
8.23038,0.128052
8.23038,0.12461
8.23038,0.149425
8.23038,0.156417
8.23038,0.14899
8.23038,0.164296
8.23038,0.152778
8.23038,0.109091
8.23038,0.105273
8.23038,0.142005
8.23038,0.179187
8.23038,0.195881
8.23038,0.157474
8.23038,0.162274
8.23038,0.184131
8.23038,0.177212
8.23038,0.155016
8.23038,0.172443
8.23038,0.182974
8.23038,0.139508
8.23038,0.153648
8.23038,0.145362
8.23038,0.16926
8.23038,0.133333
8.23038,0.113568
8.23038,0.12474
8.23038,0.177226
8.23038,0.174277
8.23038,0.137702
8.23038,0.134879
8.23038,0.1246
8.23038,0.124327
8.23038,0.132129
8.23038,0.133707
8.23038,0.0926274
8.23038,0.122025
8.23038,0.133856
8.23038,0.116692
8.23038,0.141926
8.23038,0.126084
8.23038,0.148266
8.23038,0.17487
8.23038,0.120873
8.23038,0.12127
8.23038,0.168313
8.23038,0.126347
8.23038,0.129233
8.23038,0.111715
8.23038,0.124764
8.23038,0.134557
8.23038,0.123842
8.23038,0.143723
8.23038,0.12796
8.23038,0.133106
8.23038,0.0953378
8.23038,0.107127
8.22592,0.161924
8.22592,0.131859
8.22592,0.145825
8.22592,0.16506
8.22592,0.137485
8.22592,0.137469
8.22592,0.172564
8.22592,0.13485
8.22592,0.140684
8.22592,0.126077
8.22592,0.135897
8.22592,0.133887
8.22592,0.126548
8.22592,0.122786
8.22592,0.137277
8.22592,0.13772
8.22592,0.156654
8.22592,0.11395
8.22592,0.134935
8.22592,0.146776
8.22592,0.133727
8.22592,0.155659
8.22592,0.103975
8.22592,0.103329
8.22592,0.154796
8.22592,0.162698
8.22592,0.139454
8.22592,0.142206
8.22592,0.0934095
8.22592,0.139841
8.22592,0.121813
8.22592,0.128712
8.22592,0.116176
8.22592,0.122851
8.22592,0.127361
8.22592,0.12655
8.22413,0.0044391
8.20834,-0.0230872
8.20834,-0.030934
8.20834,-0.00936021
8.20834,-0.0123525
8.20834,-0.0136735
8.18483,0.132077
8.18483,0.149917
8.18483,0.176691
8.18483,0.135246
8.18483,0.152752
8.18483,0.170571
8.18483,0.156364
8.18483,0.143733
8.18483,0.138721
8.18483,0.114851
8.18483,0.157304
8.18483,0.151261
8.18483,0.167672
8.18483,0.122132
8.18483,0.181328
8.18483,0.12835
8.18483,0.161561
8.18483,0.146003
8.18483,0.140003
8.18483,0.151302
8.18483,0.159625
8.18483,0.153087
8.18483,0.168502
8.18483,0.131879
8.18483,0.140017
8.18483,0.143031
8.18483,0.143214
8.18483,0.144549
8.18483,0.146925
8.18483,0.130706
8.18483,0.144345
8.18483,0.147899
8.18483,0.125507
8.18483,0.155783
8.18483,0.159351
8.18483,0.13693
8.18483,0.131746
8.18483,0.133199
8.18483,0.177542
8.18483,0.122412
8.18483,0.13713
8.18483,0.155709
8.18483,0.189095
8.18483,0.131151
8.18483,0.142804
8.18483,0.137231
8.18483,0.190439
8.18483,0.130335
8.18483,0.136562
8.18483,0.127893
8.18483,0.139746
8.18483,0.12564
8.18483,0.154673
8.18483,0.107944
8.18483,0.15761
8.18483,0.0985571
8.18293,0.138756
8.18293,0.19598
8.18293,0.147774
8.18293,0.142993
8.18293,0.168164
8.18293,0.183326
8.18293,0.135229
8.18293,0.12088
8.18293,0.158449
8.18293,0.166343
8.18293,0.149946
8.18293,0.153224
8.18293,0.136258
8.18293,0.151511
8.18293,0.131573
8.18293,0.128238
8.18293,0.112926
8.18293,0.175894
8.18293,0.133171
8.18293,0.137169
8.18293,0.118566
8.18293,0.151694
8.18293,0.154855
8.18293,0.182467
8.18293,0.155418
8.18293,0.127651
8.18293,0.120743
8.18293,0.153035
8.18183,0.150625
8.18183,0.127885
8.18183,0.167986
8.18183,0.148403
8.18183,0.183229
8.18183,0.148425
8.18183,0.177369
8.18183,0.133413
8.18183,0.124244
8.18183,0.154652
8.18183,0.146845
8.18183,0.139523
8.18183,0.131447
8.18183,0.129449
8.18183,0.14178
8.18183,0.126372
8.18183,0.177887
8.18183,0.180859
8.18183,0.200961
8.18183,0.167097
8.18183,0.144157
8.18183,0.144366
8.18183,0.18933
8.18183,0.159223
8.18183,0.147862
8.18183,0.160984
8.18183,0.190888
8.18183,0.180081
8.18183,0.186722
8.18183,0.174832
8.18183,0.191646
8.18183,0.145031
8.18183,0.179511
8.18183,0.161608
8.18183,0.148309
8.18183,0.130534
8.18183,0.164269
8.18183,0.155428
8.18183,0.193418
8.18183,0.142552
8.18183,0.150454
8.18183,0.154075
8.18183,0.165622
8.18183,0.151931
8.18183,0.172761
8.18183,0.138238
8.18183,0.164131
8.18183,0.155829
8.18183,0.151724
8.18183,0.109009
8.18183,0.151233
8.18183,0.17243
8.18183,0.205965
8.18183,0.148807
8.18183,0.175405
8.18183,0.101547
8.17993,0.150683
8.17993,0.160257
8.17993,0.169174
8.17993,0.152927
8.17993,0.14089
8.17993,0.182371
8.17993,0.155511
8.17993,0.132072
8.17993,0.182218
8.17993,0.181475
8.17993,0.16573
8.17993,0.156463
8.17993,0.177656
8.17993,0.188824
8.17993,0.150756
8.17993,0.187209
8.17993,0.161676
8.17993,0.152271
8.17993,0.164308
8.17993,0.150815
8.17993,0.170908
8.17993,0.186123
8.17993,0.161711
8.17993,0.133019
8.17993,0.133788
8.17993,0.16749
8.17993,0.151895
8.17993,0.136008
8.14763,0.217795
8.14763,0.198136
8.14763,0.229616
8.14763,0.12208
8.14763,0.133874
8.14763,0.177392
8.14763,0.161561
8.14763,0.130057
8.14763,0.128687
8.14763,0.169327
8.14763,0.181613
8.14763,0.21108
8.14763,0.149119
8.14763,0.152618
8.14763,0.128719
8.14763,0.129002
8.14763,0.186781
8.14763,0.182972
8.14763,0.172568
8.14763,0.190709
8.14763,0.174771
8.14763,0.123955
8.14763,0.162764
8.14763,-0.0326248
8.12692,-0.0370132
8.12692,-0.0327283
8.12692,-0.0555093
8.12692,-0.00619998
8.12692,-0.0217196
8.12692,0.0180771
8.12692,-0.00708637
8.12692,-0.0122373
8.12692,-0.0190665
8.12692,-0.0142522
8.12692,-0.0320563
8.12692,-0.0174837
8.12616,-0.0161377
8.12616,-0.0109672
8.12616,-0.00416091
8.12616,-0.0187577
8.12616,-0.0124195
8.12616,-0.0105093
8.12616,-0.0316552
8.12616,-0.0524929
8.12616,-0.031199
8.12576,0.0159221
8.12576,0.0357836
8.12576,-0.00280114
8.12576,0.028479
8.12576,0.0190589
8.12576,0.00648187
8.12576,-0.016963
8.12576,0.0101203
8.12501,-0.0367997
8.12501,0.0297382
8.12501,-0.0226927
8.12501,0.0160125
8.12501,-0.025061
8.12501,0.021603
8.09723,0.13955
8.09723,0.114893
8.09723,0.108253
8.09723,0.147849
8.09723,0.121952
8.09723,0.153883
8.09723,0.150348
8.09723,0.171934
8.09723,0.112437
8.09723,0.123075
8.09723,0.123926
8.09723,0.136627
8.09723,0.151675
8.09723,0.142851
8.09723,0.125277
8.09723,0.151212
8.09723,0.11861
8.09723,0.115465
8.09723,0.146361
8.09723,0.150056
8.09723,0.156492
8.09723,0.160528
8.09723,0.143442
8.09723,0.116862
8.09723,0.154081
8.09723,0.149504
8.09723,0.1355
8.09723,0.118096
8.09723,0.120776
8.09723,0.11412
8.09723,0.132913
8.09723,0.131696
8.09723,0.0931495
8.09723,0.124507
8.09723,0.139618
8.09723,0.122578
8.09723,0.134735
8.09723,0.0876217
8.09723,0.130703
8.09723,0.165441
8.09723,0.133482
8.09723,0.115497
8.09723,0.142638
8.09723,0.134415
8.09723,0.149652
8.09723,0.144147
8.09723,0.122823
8.09723,0.103893
8.09723,0.133771
8.09723,0.128166
8.09723,0.138351
8.09723,0.172171
8.09723,0.116987
8.09723,0.120453
8.09723,0.13436
8.09723,0.111138
8.09723,0.0941954
8.09723,0.140676
8.09723,0.106465
8.09723,0.114983
8.09723,0.119942
8.09723,0.136756
8.09723,0.107011
8.09399,0.172901
8.09399,0.104508
8.09399,0.12445
8.09399,0.178747
8.09399,0.168435
8.09399,0.13355
8.09399,0.180946
8.09399,0.199148
8.09399,0.139454
8.09399,0.108104
8.09399,0.109594
8.09399,0.128453
8.09399,0.141843
8.09399,0.110335
8.09399,0.112775
8.09399,0.137835
8.09399,0.138292
8.09399,0.10603
8.09399,0.154105
8.09399,0.163529
8.09399,0.137566
8.09399,0.137843
8.09399,0.149943
8.09399,0.129845
8.09399,0.154433
8.09399,0.152968
8.09399,0.151845
8.09399,0.151412
8.09399,0.14763
8.09399,0.170792
8.09399,0.177489
8.09399,0.187227
8.09399,0.145434
8.09399,0.210089
8.09399,0.169234
8.09399,0.171967
8.09399,0.157617
8.09399,0.111794
8.09399,0.12813
8.09399,0.169128
8.09399,0.139954
8.09399,0.151252
8.09399,0.160768
8.09399,0.154658
8.09399,0.159024
8.09399,0.12545
8.09399,0.138572
8.09399,0.14218
8.09399,0.149418
8.09399,0.173338
8.09399,0.104171
8.09399,0.15444
8.09399,0.121548
8.09399,0.150277
8.09399,0.136626
8.09399,0.121604
8.09399,0.14447
8.09399,0.154894
8.09399,0.151369
8.09399,0.0905079
8.09399,0.164368
8.09399,0.131494
8.09399,0.112377
8.05228,0.0135307
8.05228,0.0754758
8.05228,0.06996
8.05228,0.0434597
8.05228,0.0773732
8.05228,0.0592463
8.05228,0.0402333
8.05228,0.0763219
8.05228,0.0972624
8.05228,0.0325744
8.05228,0.105353
8.05228,0.0518337
8.04562,0.138636
8.04562,0.182817
8.04562,0.174596
8.04562,0.126742
8.04562,0.153423
8.04562,0.145644
8.04562,0.151811
8.04562,0.194447
8.04562,0.170274
8.04562,0.178391
8.04562,0.150833
8.04562,0.158055
8.04562,0.135338
8.04562,0.194735
8.04562,0.165643
7.90951,0.108021
7.90951,0.157898
7.90951,0.153497
7.90951,0.139063
7.90951,0.133572
7.90951,0.099341
7.90951,0.126505
7.90951,0.144776
7.90951,0.161436
7.90951,0.13037
7.90951,0.19018
7.90951,0.136708
7.90951,0.146831
7.90951,0.139172
7.90951,0.116184
7.90951,0.123229
7.90951,0.104956
7.90951,0.101174
7.90951,0.103257
7.90951,0.119691
7.90951,0.0923461
7.90951,0.162444
7.90951,0.164071
7.90951,0.115426
7.90951,0.131304
7.90951,0.152007
7.90951,0.0952129
7.90951,0.119682
7.90951,0.107576
7.90951,0.132225
7.90951,0.133165
7.90951,0.12809
7.90951,0.123337
7.90951,0.115579
7.90951,0.148751
7.90951,0.127458
7.90951,0.153962
7.90951,0.150981
7.90951,0.0977347
7.90951,0.139703
7.90951,0.0751209
7.90951,0.164981
7.90951,0.0893272
7.90951,0.149472
7.90951,0.134553
7.90951,0.138435
7.90951,0.18314
7.90951,0.13559
7.90951,0.144357
7.90951,0.198934
7.90951,0.137164
7.90951,0.112199
7.90951,0.124959
7.90951,0.137435
7.90951,0.13085
7.90951,0.10009
7.90951,0.108506
7.90951,0.140984
7.90951,0.161782
7.90951,0.13432
7.90951,0.140862
7.90951,0.133824
7.90951,0.109514
7.90951,0.11451
7.90951,0.119783
7.90951,0.147926
7.90951,0.0990109
7.90951,0.0950903
7.90951,0.123129
7.90951,0.141899
7.90951,0.178391
7.90951,0.0901018
7.90951,0.165365
7.90951,0.186499
7.90951,0.13813
7.90951,0.110091
7.90951,0.100087
7.90951,0.13777
7.90951,0.139043
7.90951,0.14062
7.90951,0.106998
7.90951,0.161538
7.90951,0.183661
7.90951,0.122531
7.90951,0.137384
7.90951,0.160393
7.90951,0.126285
7.90951,0.130092
7.90951,0.116775
7.90951,0.151509
7.90951,0.0840048
7.90951,0.140438
7.90951,0.15047
7.90951,0.135283
7.90951,0.21781
7.90951,0.153897
7.90951,0.16213
7.90951,0.170863
7.90951,0.101568
7.90951,0.127402
7.90951,0.111981
7.90951,0.124733
7.90951,0.0972437
7.90951,0.135154
7.90951,0.129813
7.90951,0.0980467
7.90951,0.167088
7.90951,0.132661
7.8949,0.176554
7.8949,0.117473
7.8949,0.110663
7.8949,0.17545
7.8949,0.164516
7.8949,0.1122
7.8949,0.143134
7.8949,0.115704
7.8949,0.129669
7.8949,0.147333
7.8949,0.156555
7.8949,0.11792
7.8949,0.165245
7.8949,0.182273
7.8949,0.138322
7.8949,0.204372
7.8949,0.215694
7.8949,0.166672
7.89027,0.143045
7.89027,0.130059
7.89027,0.130166
7.89027,0.173834
7.89027,0.11717
7.89027,0.143614
7.89027,0.0882897
7.89027,0.128188
7.89027,0.106007
7.89027,0.128193
7.89027,0.140008
7.89027,0.193876
7.89027,0.111294
7.89027,0.129574
7.89027,0.131545
7.89027,0.152298
7.89027,0.12124
7.89027,0.127656
7.89027,0.131894
7.89027,0.172938
7.89027,0.0977191
7.89027,0.10399
7.89027,0.13419
7.89027,0.161767
7.89027,0.140643
7.89027,0.124858
7.89027,0.115854
7.89027,0.133338
7.88659,0.140584
7.88659,0.144478
7.88659,0.165336
7.88659,0.136393
7.88659,0.12516
7.88659,0.117803
7.88659,0.149865
7.88659,0.134246
7.88659,0.136935
7.88659,0.154447
7.88659,0.158825
7.88659,0.205236
7.88659,0.147561
7.88659,0.153915
7.88659,0.151961
7.88659,0.189442
7.88659,0.112888
7.88659,0.142638
7.88659,0.148862
7.88659,0.171592
7.88659,0.151089
7.88659,0.1412
7.88659,0.121059
7.88659,0.168384
7.88659,0.0874354
7.88659,0.14724
7.88659,0.118787
7.88659,0.160478
7.88,0.159615
7.88,0.161713
7.88,0.115309
7.88,0.133455
7.88,0.103051
7.88,0.131947
7.88,0.118317
7.88,0.133218
7.88,0.176624
7.88,0.111121
7.88,0.143387
7.88,0.137569
7.88,0.151421
7.88,0.155034
7.88,0.129161
7.88,0.11942
7.88,0.108755
7.88,0.140014
7.88,0.11754
7.88,0.104781
7.88,0.126374
7.88,0.12509
7.88,0.193283
7.88,0.144897
7.88,0.164729
7.88,0.170456
7.88,0.110457
7.88,0.143335
7.88,0.0967181
7.88,0.149002
7.88,0.13218
7.88,0.143117
7.88,0.140153
7.88,0.127807
7.88,0.170909
7.88,0.127604
7.88,0.129065
7.88,0.136161
7.88,0.114316
7.88,0.123026
7.88,0.111053
7.88,0.10007
7.88,0.116983
7.88,0.128506
7.88,0.129158
7.88,0.125023
7.88,0.15069
7.88,0.133868
7.88,0.139974
7.88,0.107947
7.88,0.105507
7.88,0.109768
7.88,0.103663
7.88,0.139749
7.88,0.10589
7.88,0.122016
7.88,0.122008
7.88,0.121712
7.88,0.17427
7.88,0.142344
7.88,0.132341
7.88,0.130845
7.88,0.0568399
7.88,0.114589
7.88,0.0891158
7.88,0.108274
7.88,0.113527
7.88,0.100729
7.88,0.113648
7.88,0.0887732
7.88,0.151486
7.88,0.148207
7.88,0.139763
7.88,0.1364
7.88,0.118268
7.88,0.123892
7.88,0.0953336
7.88,0.129212
7.88,0.102225
7.88,0.104121
7.88,0.124485
7.88,0.122182
7.88,0.176074
7.88,0.107048
7.8765,0.139709
7.8765,0.16135
7.8765,0.159436
7.8765,0.168239
7.8765,0.12544
7.8765,0.127508
7.8765,0.130809
7.8765,0.0865636
7.8765,0.130145
7.8765,0.198692
7.8765,0.153268
7.8765,0.150619
7.8765,0.131549
7.8765,0.137301
7.8765,0.0728528
7.8765,0.143322
7.8765,0.111561
7.8765,0.120261
7.8765,0.112994
7.8765,0.103491
7.8765,0.129067
7.8765,0.100797
7.8765,0.175806
7.8765,0.102985
7.8765,0.145983
7.8765,0.1787
7.8765,0.194784
7.8765,0.183212
7.8765,0.147611
7.8765,0.17476
7.8765,0.146684
7.8765,0.171448
7.8765,0.156523
7.8765,0.153766
7.8765,0.186583
7.8765,0.133568
7.8765,0.164892
7.8765,0.197385
7.8765,0.159974
7.8765,0.141614
7.8765,0.163949
7.8765,0.176633
7.8765,0.155386
7.8765,0.122087
7.8765,0.186815
7.8765,0.12388
7.8765,0.159569
7.8765,0.171092
7.8765,0.145831
7.8765,0.182755
7.8765,0.165
7.8765,0.133883
7.8765,0.148089
7.8765,0.172707
7.8765,0.135556
7.8765,0.132864
7.8765,0.148988
7.8765,0.141267
7.8765,0.165404
7.8765,0.159836
7.8765,0.130247
7.8765,0.169818
7.8765,0.101901
7.8765,0.127909
7.8765,0.0679117
7.8765,0.138143
7.8765,0.106837
7.8765,0.127049
7.8765,0.127873
7.8765,0.118777
7.8765,0.146354
7.8765,0.128274
7.8765,0.184898
7.8765,0.1356
7.8765,0.108571
7.8765,0.112464
7.8765,0.0965196
7.8765,0.105174
7.8765,0.115727
7.8765,0.140686
7.8765,0.135386
7.8765,0.142202
7.8765,0.167796
7.8765,0.103347
7.81688,0.1697
7.81688,0.1263
7.81688,0.111769
7.81688,0.128547
7.81688,0.100716
7.81688,0.127715
7.81688,0.122958
7.81688,0.153975
7.81688,0.128324
7.81688,0.107055
7.81688,0.150498
7.81688,0.150891
7.81688,0.148693
7.81688,0.148079
7.81688,0.157553
7.81688,0.167564
7.81688,0.119296
7.81688,0.134944
7.81688,0.152364
7.81688,0.178352
7.81688,0.107458
7.81688,0.130917
7.81688,0.143299
7.81688,0.136304
7.81688,0.117251
7.81688,0.150769
7.81688,0.14364
7.81688,0.190375
7.81688,0.139478
7.81688,0.157041
7.81688,0.133857
7.81688,0.208366
7.81688,0.157312
7.81688,0.144271
7.81688,0.128526
7.81688,0.131884
7.78791,0.154973
7.78791,0.110449
7.78791,0.170542
7.78791,0.175012
7.78791,0.15806
7.78791,0.144354
7.78791,0.165151
7.78791,0.14409
7.78791,0.0866568
7.78791,0.135023
7.78791,0.178912
7.78791,0.133056
7.78791,0.11744
7.78791,0.115069
7.78791,0.153121
7.78791,0.127392
7.78791,0.10475
7.78791,0.156713
7.78791,0.164311
7.78791,0.16279
7.78791,0.149719
7.78791,0.13346
7.78791,0.0821383
7.78791,0.140315
7.78791,0.141532
7.78791,0.144464
7.78791,0.129508
7.78791,0.144053
7.78714,0.167729
7.78714,0.140957
7.78714,0.14783
7.78714,0.133932
7.78714,0.166713
7.78714,0.124285
7.78714,0.134692
7.78714,0.134038
7.78714,0.10784
7.78714,0.117367
7.78714,0.0928975
7.78714,0.123902
7.78714,0.126306
7.78714,0.0858241
7.78714,0.162689
7.78714,0.140676
7.78714,0.136926
7.78714,0.085361
7.78714,0.124
7.78714,0.110066
7.78714,0.159373
7.78714,0.138807
7.78714,0.128992
7.78714,0.107901
7.78714,0.108637
7.78714,0.116209
7.78714,0.101524
7.78714,0.0877312
7.7681,0.133961
7.7681,0.124052
7.7681,0.148183
7.7681,0.171298
7.7681,0.154152
7.7681,0.136159
7.7681,0.149425
7.7681,0.199227
7.7681,0.139548
7.7681,0.142375
7.7681,0.157892
7.7681,0.149135
7.7681,0.111235
7.7681,0.140029
7.7681,0.149025
7.7681,0.130062
7.7681,0.212388
7.7681,0.229756
7.7681,0.174395
7.7681,0.180992
7.7681,0.18636
7.7681,0.175152
7.7681,0.119605
7.7681,0.153896
7.7681,0.164821
7.7681,0.146085
7.7681,0.14479
7.7681,0.140999
7.7681,0.12609
7.7681,0.0923589
7.7681,0.13383
7.7681,0.109534
7.7681,0.127386
7.7681,0.103524
7.7681,0.138607
7.7681,0.12511
7.7681,0.129716
7.7681,0.122706
7.7681,0.125856
7.7681,0.127539
7.7681,0.149403
7.7681,0.115618
7.7681,0.13603
7.7681,0.119757
7.7681,0.13123
7.7681,0.164178
7.7681,0.148879
7.7681,0.100387
7.7681,0.12576
7.76722,0.156209
7.76722,0.131935
7.76722,0.138584
7.76722,0.114714
7.76722,0.114856
7.76722,0.0848494
7.76722,0.120958
7.76722,0.161612
7.76722,0.131156
7.76722,0.165804
7.76722,0.124932
7.76722,0.110779
7.76722,0.156699
7.76722,0.118652
7.76722,0.120703
7.76722,0.121646
7.76722,0.144171
7.76722,0.14016
7.76722,0.174504
7.76722,0.169814
7.76722,0.132459
7.76722,0.139103
7.76722,0.155181
7.76722,0.107221
7.76722,0.142268
7.76722,0.146382
7.76722,0.157438
7.76722,0.0961501
7.76722,0.0861203
7.76722,0.11792
7.76722,0.131923
7.76722,0.093717
7.76722,0.101045
7.76722,0.102582
7.76722,0.0942434
7.76722,0.167489
7.76722,0.081255
7.76722,0.130304
7.76722,0.111866
7.76722,0.106318
7.76722,0.114549
7.76722,0.105321
7.76722,0.140344
7.76722,0.140387
7.76722,0.117452
7.76722,0.0911919
7.76722,0.111534
7.76722,0.0899773
7.76722,0.102915
7.70123,0.0409202
7.70123,0.0956288
7.70123,0.109095
7.70123,0.0479938
7.70123,0.0625553
7.70123,0.101972
7.70123,0.0725406
7.70123,0.0861617
7.70123,0.119732
7.70123,0.0784137
7.70123,0.0990549
7.70123,0.0928439
7.70123,0.0907513
7.70123,0.0919774
7.70123,0.0632542
7.70123,0.0280066
7.70123,0.0693364
7.70123,0.0644745
7.70123,0.0598635
7.70123,0.0502305
7.70123,0.0697922
7.70123,0.048071
7.70123,0.106267
7.70123,0.114757
7.70123,0.0628083
7.70123,0.0708388
7.70123,0.0769311
7.70123,0.0412396
7.70123,0.0684373
7.70123,0.0745309
7.6733,0.124609
7.6733,0.162672
7.6733,0.0976618
7.6733,0.134182
7.6733,0.157512
7.6733,0.105976
7.6733,0.141171
7.6733,0.132236
7.6733,0.130639
7.6733,0.128917
7.6733,0.144654
7.6733,0.201109
7.6733,0.163337
7.6733,0.166107
7.6733,0.141993
7.6733,0.129335
7.6733,0.156377
7.6733,0.121913
7.6733,0.173165
7.6733,0.158487
7.66813,0.153649
7.66813,0.197904
7.66813,0.15281
7.66813,0.151722
7.66813,0.141134
7.66813,0.179836
7.66813,0.172542
7.66813,0.132978
7.66813,0.120331
7.66813,0.117734
7.66813,0.120974
7.66813,0.116757
7.66813,0.163422
7.66813,0.11655
7.66813,0.121379
7.66813,0.135611
7.66813,0.180814
7.66813,0.160161
7.66813,0.167975
7.66813,0.186758
7.66813,0.13255
7.66813,0.130555
7.66813,0.164227
7.66813,0.131754
7.66813,0.151236
7.66813,0.167423
7.66813,0.15728
7.66813,0.167859
7.66813,0.202674
7.66813,0.142134
7.66813,0.177812
7.66813,0.144863
7.66813,0.138034
7.66813,0.151553
7.66813,0.125706
7.66813,0.134512
7.66813,0.134452
7.66813,0.118011
7.66813,0.151136
7.66813,0.151539
7.66813,0.141356
7.66813,0.13816
7.66813,0.14332
7.66813,0.17052
7.66813,0.12058
7.66813,0.075368
7.66813,0.169881
7.66813,0.111898
7.66813,0.166974
7.66813,0.175722
7.66813,0.170364
7.66813,0.140271
7.66813,0.136476
7.66813,0.160245
7.66813,0.165936
7.66813,0.182603
7.66813,0.163912
7.66813,0.177446
7.66813,0.169109
7.66813,0.176992
7.66813,0.164651
7.66813,0.158035
7.66813,0.228426
7.66813,0.157528
7.66813,0.163883
7.66813,0.129535
7.66813,0.138876
7.66813,0.134059
7.66813,0.149314
7.66813,0.14076
7.66813,0.158495
7.66813,0.116173
7.6663,0.171195
7.6663,0.206917
7.6663,0.179587
7.6663,0.189192
7.6663,0.18104
7.6663,0.129185
7.6663,0.163415
7.6663,0.137301
7.6663,0.153084
7.6663,0.137116
7.6663,0.150463
7.6663,0.139874
7.6663,0.14313
7.6663,0.14624
7.6663,0.152309
7.6663,0.124534
7.6663,0.152652
7.6663,0.127096
7.6663,0.127657
7.6663,0.128475
7.6663,0.107142
7.6663,0.13775
7.6663,0.0991319
7.6663,0.124527
7.6663,0.151453
7.65909,0.148939
7.65909,0.191595
7.65909,0.16694
7.65909,0.121193
7.65909,0.131172
7.65909,0.131703
7.65909,0.119271
7.65909,0.112657
7.65909,0.160314
7.65909,0.150188
7.65909,0.154293
7.65909,0.153671
7.65909,0.128262
7.65909,0.156676
7.65909,0.155159
7.65909,0.169649
7.65909,0.139217
7.65909,0.13902
7.65909,0.141932
7.65909,0.144539
7.65909,0.131984
7.65909,0.1574
7.65909,0.127382
7.65909,0.101408
7.65909,0.148092
7.65909,0.184456
7.65909,0.133228
7.65909,0.178017
7.65909,0.140299
7.65909,0.191736
7.65909,0.173244
7.65909,0.128915
7.65909,0.126443
7.65909,0.16556
7.65909,0.105898
7.65909,0.137105
7.6543,0.140823
7.6543,0.169664
7.6543,0.144931
7.6543,0.127708
7.6543,0.0912566
7.6543,0.127734
7.6543,0.103206
7.6543,0.132731
7.6543,0.171881
7.6543,0.20789
7.6543,0.159189
7.6543,0.138796
7.6543,0.137402
7.6543,0.149412
7.6543,0.131685
7.6543,0.134132
7.6543,0.13409
7.6543,0.120646
7.6543,0.137518
7.6543,0.152128
7.6543,0.090252
7.6543,0.117802
7.6543,0.160006
7.6543,0.167744
7.6543,0.179316
7.6543,0.133908
7.6543,0.174656
7.6543,0.184096
7.6543,0.138704
7.6543,0.120457
7.6543,0.156823
7.6543,0.150451
7.6543,0.0913883
7.6543,0.134759
7.6543,0.123435
7.6543,0.137994
7.6543,0.15708
7.6543,0.157685
7.6543,0.174123
7.6543,0.114787
7.6543,0.132683
7.6543,0.13053
7.6543,0.103513
7.6543,0.0846599
7.6543,0.142463
7.6543,0.144223
7.6543,0.115197
7.6543,0.112354
7.6543,0.134989
7.6543,0.163237
7.6543,0.114818
7.6543,0.153923
7.6543,0.152472
7.6543,0.14235
7.6543,0.15786
7.6543,0.133552
7.6543,0.130059
7.6543,0.1446
7.6543,0.163247
7.6543,0.10603
7.6543,0.136277
7.6543,0.137766
7.6543,0.0901361
7.6543,0.1359
7.6543,0.122137
7.6543,0.119565
7.6543,0.124167
7.6543,0.075039
7.6543,0.117116
7.6543,0.131219
7.6543,0.102502
7.6543,0.131785
7.6543,0.131458
7.6543,0.149458
7.6543,0.0498714
7.6543,0.0970903
7.6543,0.104563
7.64728,0.127624
7.64728,0.132351
7.64728,0.1378
7.64728,0.126003
7.64728,0.095629
7.64728,0.11131
7.64728,0.113155
7.64728,0.177961
7.64728,0.18364
7.64728,0.208243
7.64728,0.17087
7.64728,0.18265
7.64728,0.179288
7.64728,0.174545
7.64728,0.155013
7.64728,0.163481
7.64728,0.182048
7.64728,0.148544
7.64728,0.100967
7.64728,0.109217
7.64728,0.132554
7.64728,0.12187
7.64728,0.115447
7.64728,0.125295
7.64728,0.0939364
7.64728,0.103448
7.64728,0.106028
7.64728,0.126998
7.64728,0.142956
7.64728,0.161575
7.64728,0.173274
7.64728,0.131199
7.64728,0.11766
7.64728,0.131592
7.64728,0.106742
7.64728,0.0997032
7.64728,0.117957
7.64728,0.13003
7.64728,0.109535
7.64728,0.126437
7.64728,0.145836
7.64728,0.130991
7.64728,0.116366
7.64728,0.163138
7.64728,0.193178
7.64728,0.142668
7.64728,0.13162
7.64728,0.133795
7.64728,0.139321
7.64728,0.101395
7.64728,0.14094
7.64728,0.13786
7.64728,0.0845286
7.64728,0.0554791
7.64728,0.140447
7.64728,0.137314
7.62451,0.144077
7.62451,0.124681
7.62451,0.138572
7.62451,0.135441
7.62451,0.17502
7.62451,0.134899
7.62451,0.135352
7.62451,0.168168
7.62451,0.166979
7.62451,0.109238
7.62451,0.111539
7.62451,0.0997295
7.62451,0.126388
7.62451,0.131107
7.62451,0.157145
7.62451,0.130874
7.62451,0.158785
7.62451,0.12044
7.62451,0.159758
7.62451,0.112148
7.62451,0.186716
7.62451,0.121616
7.62451,0.11728
7.62451,0.157758
7.62451,0.168032
7.62451,0.108176
7.62451,0.128773
7.62451,0.119574
7.62451,0.142642
7.62451,0.107822
7.62451,0.158127
7.62451,0.148167
7.62451,0.180209
7.62451,0.12918
7.62451,0.125366
7.62451,0.10094
7.62451,0.133007
7.62451,0.127024
7.62451,0.0939207
7.62451,0.148301
7.62451,0.138889
7.62451,0.105894
7.62451,0.112981
7.62451,0.11365
7.61748,0.100175
7.61748,0.112035
7.61748,0.0940813
7.61748,0.136308
7.61748,0.181299
7.61748,0.167326
7.61748,0.173308
7.61748,0.180349
7.61748,0.176754
7.61748,0.0883521
7.61748,0.156452
7.61748,0.124456
7.61748,0.131225
7.61748,0.101384
7.61748,0.144714
7.61748,0.115856
7.61748,0.167585
7.61748,0.12106
7.61748,0.132022
7.61748,0.138725
7.61748,0.146844
7.61748,0.109452
7.61748,0.0997162
7.61748,0.134166
7.61748,0.15108
7.61748,0.134384
7.61748,0.143697
7.61748,0.169396
7.61748,0.142838
7.61748,0.128205
7.61748,0.145299
7.61748,0.141519
7.59297,0.097492
7.59297,0.0855623
7.59297,0.141991
7.59297,0.120249
7.59297,0.126196
7.59292,0.112442
7.59292,0.133861
7.59292,0.151428
7.59292,0.122429
7.59292,0.131984
7.59292,0.093816
7.59292,0.0557652
7.59292,0.130831
7.59292,0.0923576
7.59292,0.132143
7.59292,0.115945
7.59292,0.131278
7.59292,0.157082
7.59292,0.118188
7.59292,0.165877
7.59292,0.0308018
7.59292,0.0890075
7.59292,0.15135
7.59292,0.127623
7.59292,0.127163
7.581,0.149152
7.581,0.165684
7.581,0.13935
7.581,0.149077
7.581,0.0994016
7.581,0.131092
7.581,0.0831633
7.581,0.0744188
7.581,0.138005
7.581,0.135291
7.581,0.148451
7.581,0.168531
7.581,0.096391
7.581,0.144527
7.581,0.124715
7.581,0.0996555
7.58092,0.105007
7.58092,0.127868
7.58092,0.0970924
7.58092,0.0773075
7.32296,0.0488128
7.32296,0.0397472
7.32296,0.0546376
7.32296,0.0547998
7.32296,0.0753611
7.32296,0.0240162
7.32296,0.056813
7.32296,0.0754629
7.32296,0.0405605
7.32296,0.0589957
7.31151,0.0942348
7.31151,0.0781634
7.31151,0.0700523
7.31151,0.0754577
7.31151,0.0423784
7.31151,0.0580206
7.31151,0.0784979
7.31151,0.082674
7.31151,0.0714982
7.31151,0.0726556
7.31151,0.0551612
7.31151,0.090472
7.31151,0.0758613
7.31151,0.115367
7.31151,0.075503
7.31151,0.0156989
7.31151,0.0457882
7.31151,0.0504164
7.31151,0.0666657
7.31151,0.0663975
7.31151,0.0815046
7.31151,0.0986918
7.31151,0.0979326
7.31151,0.0635902
7.31151,0.0693924
7.31151,0.037481
7.31151,0.0758667
7.31151,0.086635
7.31151,0.0632234
7.31151,0.0525378
7.23224,3.02E-05
7.23224,0.0583267
7.23224,0.0646175
7.21196,0.0482494
7.21196,0.108634
7.21196,0.0691548
7.21196,0.0427082
7.21196,0.0800626
7.21196,0.112332
7.21196,0.0257868
7.21196,0.0576965
7.21196,0.073754
7.19373,0.143888
7.19373,0.194213
7.19373,0.176008
7.19373,0.105617
7.19373,0.177245
7.19373,0.173434
7.19373,0.168721
7.19373,0.140949
7.19373,0.146448
7.19373,0.163565
7.19373,0.138664
7.19373,0.137937
7.19373,0.144664
7.19373,0.177293
7.19373,0.159428
7.19373,0.142551
7.19373,0.136315
7.19373,0.155822
7.19373,0.144527
7.19373,0.114653
7.19373,0.138863
7.19373,0.170694
7.19373,0.139709
7.19373,0.117098
7.19373,0.139142
7.19373,0.192864
7.19373,0.138331
7.19373,0.163959
7.19373,0.151903
7.19373,0.17239
7.19373,0.116939
7.19373,0.151137
7.19373,0.131676
7.19373,0.1863
7.19373,0.140517
7.19373,0.113679
7.19373,0.142393
7.19373,0.197939
7.19373,0.154336
7.19373,0.151526
7.19373,0.190654
7.19373,0.216985
7.19373,0.176624
7.19373,0.175513
7.19373,0.168392
7.19373,0.153075
7.19373,0.148206
7.19373,0.160399
7.18963,0.176473
7.18963,0.194768
7.18963,0.189006
7.18963,0.165694
7.18963,0.174128
7.18963,0.142267
7.18963,0.211701
7.18963,0.171298
7.18963,0.152174
7.18963,0.167974
7.18963,0.179293
7.18963,0.180623
7.18963,0.213377
7.18963,0.150003
7.18963,0.17627
7.18963,0.179369
7.18963,0.147868
7.18963,0.161844
7.18963,0.160825
7.18963,0.124027
7.18963,0.148471
7.18963,0.119884
7.18963,0.181105
7.18963,0.12434
7.18963,0.154607
7.18963,0.155144
7.18963,0.155378
7.18963,0.15428
7.18963,0.169515
7.18963,0.116829
7.18963,0.200809
7.18963,0.143412
7.18963,0.132083
7.18963,0.144289
7.18963,0.141399
7.18963,0.131648
7.18963,0.132225
7.18963,0.119672
7.18963,0.14932
7.18963,0.139371
7.18963,0.151197
7.18963,0.142539
7.18963,0.166113
7.18963,0.151438
7.18963,0.12434
7.18963,0.144026
7.18963,0.189712
7.18963,0.1419
7.18963,0.130555
7.18963,0.138607
7.18963,0.152315
7.18963,0.141448
7.18963,0.153532
7.18963,0.114156
7.18963,0.147109
7.18963,0.137284
7.18963,0.133418
7.18963,0.117944
7.18963,0.140936
7.18963,0.137939
7.18963,0.161937
7.18963,0.144109
7.18963,0.158857
7.18963,0.135832
7.18963,0.144641
7.18963,0.161133
7.18963,0.168779
7.18963,0.138702
7.18963,0.143547
7.18963,0.1549
7.18963,0.155921
7.18963,0.132938
7.18963,0.136891
7.18963,0.151011
7.18963,0.188859
7.18963,0.150709
7.18963,0.165398
7.18963,0.143247
7.18963,0.164955
7.18963,0.165665
7.18963,0.157527
7.18963,0.195399
7.18963,0.190322
7.18963,0.169469
7.18963,0.14724
7.18963,0.191346
7.18963,0.20828
7.18963,0.195117
7.18963,0.155593
7.18963,0.162699
7.18963,0.169207
7.18963,0.139111
7.18963,0.158076
7.18963,0.150246
7.18963,0.16736
7.18963,0.165098
7.18185,0.155211
7.18185,0.165013
7.18185,0.208036
7.18185,0.205319
7.18185,0.180879
7.18185,0.177681
7.18185,0.227251
7.18185,0.222737
7.18185,0.165588
7.18042,0.16576
7.18042,0.144268
7.18042,0.14894
7.18042,0.132637
7.18042,0.14559
7.18042,0.174521
7.18042,0.189606
7.18042,0.144663
7.18042,0.177269
7.18042,0.147762
7.18042,0.127949
7.18042,0.19619
7.18042,0.157348
7.18042,0.152464
7.18042,0.166401
7.18042,0.141231
7.18042,0.114268
7.18042,0.174256
7.18042,0.206663
7.18042,0.18817
7.18042,0.175794
7.18042,0.174581
7.18042,0.153837
7.18042,0.179542
7.18042,0.157911
7.18042,0.12497
7.18042,0.147413
7.11866,0.145483
7.11866,0.160708
7.11866,0.130407
7.11866,0.156989
7.11866,0.111549
7.11866,0.136761
7.11866,0.111255
7.11866,0.114851
7.11866,0.1355
7.11866,0.179577
7.11866,0.179612
7.11866,0.190568
7.11866,0.155696
7.11866,0.130295
7.11866,0.164225
7.11866,0.140978
7.11866,0.178503
7.11866,0.163409
7.11866,0.155583
7.11866,0.128244
7.11866,0.152569
7.11866,0.128261
7.11866,0.143332
7.11866,0.093421
7.11866,0.170587
7.11866,0.151995
7.11866,0.151526
7.11866,0.171474
7.11866,0.127784
7.11866,0.148302
7.11866,0.133573
7.11866,0.105166
7.11866,0.174026
7.11866,0.164518
7.11866,0.198871
7.11866,0.130066
7.11866,0.154437
7.11866,0.142957
7.11866,0.167188
7.11866,0.127463
7.11866,0.130479
7.11866,0.161703
7.11866,0.14703
7.11866,0.113609
7.11866,0.12688
7.11866,0.116698
7.11866,0.117003
7.11866,0.0922082
7.05673,0.15464
7.05673,0.174373
7.05673,0.13592
7.05673,0.154968
7.05673,0.137897
7.05673,0.124023
7.05673,0.152237
7.05673,0.13849
7.05673,0.160389
7.05673,0.15218
7.05673,0.157899
7.05673,0.134932
7.05673,0.115167
7.05673,0.101312
7.05673,0.12299
7.05673,0.117985
7.05673,0.129538
7.05673,0.206173
7.05673,0.183485
7.05673,0.183251
7.05673,0.143312
7.05673,0.152653
7.05673,0.164021
7.05673,0.15393
7.05673,0.180844
7.05673,0.209456
7.05673,0.19282
7.05673,0.154503
7.05673,0.181401
7.05673,0.153931
7.05673,0.149946
7.05673,0.145429
7.05673,0.186038
7.05673,0.204883
7.05673,0.167575
7.05673,0.184364
7.05673,0.152218
7.05673,0.138931
7.05673,0.174555
7.05673,0.161052
7.05673,0.145217
7.05673,0.144415
7.05673,0.168343
7.05673,0.135118
7.05673,0.122807
7.05673,0.130801
7.05673,0.127421
7.05673,0.108227
7.05673,0.130972
7.05673,0.144384
7.05673,0.179898
7.05673,0.169444
7.05673,0.141075
7.05673,0.109253
7.05673,0.128006
7.05673,0.145021
7.02333,0.110803
7.02333,0.160085
7.02333,0.170275
7.02333,0.120614
7.02333,0.153588
7.02333,0.184181
7.02333,0.194175
7.02333,0.152728
7.02333,0.167782
7.02333,0.197116
7.02333,0.161213
7.02333,0.118547
7.02333,0.141207
7.02333,0.214238
7.02333,0.195198
7.02333,0.132529
7.0205,0.130355
7.0205,0.146743
7.0205,0.172849
7.0205,0.133779
7.0205,0.168873
7.0205,0.108354
7.0205,0.157346
7.0205,0.151701
7.0205,0.125415
7.0205,0.153543
7.0205,0.163895
7.0205,0.132955
7.0205,0.140267
7.0205,0.154464
7.0205,0.154325
7.0205,0.171139
7.0205,0.111476
7.0205,0.164592
7.0205,0.136622
7.0205,0.164108
7.0205,0.148942
7.0205,0.139767
7.0205,0.182786
7.0205,0.138946
7.0205,0.188259
7.0205,0.182452
7.0205,0.15626
7.0205,0.160705
7.0205,0.161789
7.0205,0.161335
7.0205,0.174282
7.0205,0.16392
6.74414,0.171052
6.74414,0.116404
6.74414,0.148643
6.74414,0.154136
6.74414,0.134428
6.74414,0.1389
6.74414,0.154421
6.74414,0.170347
6.74414,0.156645
6.74414,0.153006
6.74414,0.176985
6.74414,0.134465
6.74414,0.157331
6.74414,0.171856
6.74414,0.135045
6.74414,0.146407
6.74414,0.138375
6.74414,0.103173
6.74414,0.122954
6.74414,0.146614
6.74414,0.150271
6.74414,0.145259
6.74414,0.136765
6.74414,0.146684
6.74414,0.150411
6.74414,0.134859
6.74414,0.12815
6.74414,0.153194
6.74414,0.160108
6.74414,0.152437
6.74414,0.167068
6.74414,0.165659
6.74414,0.163957
6.74414,0.136127
6.74414,0.168575
6.74414,0.123234
6.74414,0.134366
6.74414,0.137967
6.74414,0.119904
6.74414,0.121819
6.74414,0.140067
6.74414,0.139419
6.63643,0.203059
6.63643,0.187622
6.63643,0.19838
6.63643,0.179095
6.63643,0.194464
6.63643,0.145488
6.63643,0.0786217
6.63643,0.196981
6.63643,0.156062
6.63643,0.176844
6.63643,0.184746
6.63643,0.0962771
6.63643,0.191955
6.63643,0.11757
6.63643,0.180938
6.63643,0.206863
6.63643,0.150694
6.63643,0.206579
6.63643,0.178198
6.63643,0.188654
6.63643,0.123831
6.63643,0.0778662
6.63643,0.149825
6.63643,0.121895
6.63643,0.113163
6.63643,0.127428
6.63643,0.148659
6.63643,0.165185
6.63643,0.154228
6.63643,0.179713
6.63643,0.178546
6.63643,0.199422
6.63643,0.197876
6.63643,0.17527
6.63643,0.198348
6.63643,0.165296
6.63643,0.153466
6.63643,0.195578
6.63643,0.169019
6.63643,0.182703
5.53944,0.124924
5.53944,0.109656
5.53944,0.120545
5.53944,0.110517
5.53944,0.0876483
5.53944,0.0732455
5.53944,0.134667
5.53944,0.101389
5.53944,0.0923156
5.53944,0.0918796
5.53944,0.172481
5.53944,0.115693
5.53944,0.139028
5.53944,0.144823
5.53944,0.113817
5.53944,0.0900287
5.53944,0.0690773
5.53944,0.115667
5.53944,0.0985584
5.53944,0.120138
5.53944,0.100549
5.53944,0.125822
5.53944,0.137366
5.53944,0.126046
5.53944,0.126311
5.53944,0.155271
5.53944,0.0834494
5.53944,0.113607
5.53944,0.135285
5.53944,0.129263
5.53944,0.105506
5.53944,0.142777
5.53944,0.122731
5.53944,0.10016
5.53944,0.157558
5.53944,0.14514
5.53944,0.150072
5.53944,0.182251
5.53944,0.172297
5.53944,0.1583
5.53944,0.146124
5.53944,0.117205
5.53944,0.144677
5.53944,0.127063
5.53944,0.130359
5.53944,0.148557
5.53944,0.176004
5.53944,0.162912
4.43139,0.0337616
4.43139,-0.0597587
4.43139,-0.0158859
4.43139,-0.00151051
4.43139,-0.0172801
4.43139,-0.0250203
4.43139,-0.0377519
4.43139,-0.0783302
4.43139,-0.0455459
4.43139,-0.0471229
4.43139,-0.0403885
4.43139,-0.0602603
4.39833,-0.0475842
4.39833,-0.0460895
4.39833,-0.0188403
4.39833,-0.00463045
4.39833,-0.0337655
4.19857,0.140076
4.19857,0.153473
4.19857,0.150821
4.19857,0.140755
4.19857,0.135924
4.19857,0.151
4.19857,0.124057
4.19857,0.103539
4.19857,0.128855
4.19857,0.160917
4.19857,0.10457
4.19857,0.128087
4.19857,0.113557
4.19857,0.0903039
4.19857,0.139463
4.19857,0.143583
4.19857,0.197702
4.19857,0.161832
4.19857,0.0937295
4.19857,0.122014
4.19857,0.140923
4.19857,0.111876
4.19857,0.131107
4.19857,0.172906
4.19857,0.117207
4.19857,0.102029
4.19857,0.104094
4.19857,0.0919227
4.08778,-0.00619984
4.06357,0.0917424
4.06357,0.121342
4.06357,0.0837746
4.06357,0.0790906
4.06357,0.0920728
4.06357,0.146832
4.06357,0.0999373
4.06357,0.112663
4.06357,0.116046
4.06357,0.167481
4.06357,0.127707
4.06357,0.167917
4.06357,0.0978652
4.06357,0.108179
4.06357,0.113026
4.06357,0.106295
4.06357,0.121578
4.06357,0.139209
4.06357,0.125465
4.06357,0.145548
3.98633,-0.00393412
3.60797,0.0882268
3.60797,0.141247
3.60797,0.113174
3.60797,0.126405
3.60797,0.104533
3.60797,0.125058
3.60797,0.104099
3.60797,0.14374
3.60797,0.120279
3.60797,0.0817103
3.60797,0.0907357
3.60797,0.119684
3.60797,0.190761
3.60797,0.16294
3.60797,0.177857
3.60797,0.157508
3.60797,0.161524
3.60797,0.184469
3.60797,0.184513
3.60797,0.170387
3.60797,0.140411
3.60797,0.202677
3.60797,0.0867278
3.60797,0.165504
3.60797,0.130325
3.60797,0.147868
3.60797,0.157002
3.60797,0.173523
3.60797,0.0817575
3.60797,0.148515
3.60797,0.14691
3.60797,0.140614
3.60797,0.110783
3.60797,0.111223
3.60797,0.135508
3.60797,0.0930985
3.60797,0.115649
3.60797,0.104949
3.60797,0.149411
3.60797,0.109986
3.60797,0.108735
3.60797,0.128564
3.60797,0.083327
3.60797,0.0951598
3.60797,0.145135
3.60797,0.161565
3.60797,0.147948
3.60797,0.173692
3.60797,0.138208
3.60797,0.148474
3.60797,0.117999
3.60797,0.138824
3.60797,0.134857
3.60797,0.108989
3.60797,0.120688
3.60797,0.111662
3.60797,0.141641
3.60797,0.086098
3.60797,0.098777
3.60797,0.116771
3.60797,0.135627
3.60797,0.0808268
3.60797,0.10545
3.60797,0.103009
3.60797,0.0981255
3.60797,0.0885347
3.60797,0.12808
3.60797,0.124156
3.60797,0.129444
3.60797,0.142315
3.60797,0.107945
3.60797,0.153911
3.60797,0.106008
3.60797,0.13772
3.60797,0.131453
3.60797,0.101342
3.60797,0.113506
3.60797,0.123295
3.60797,0.151984
3.60797,0.129545
3.60797,0.142379
3.60797,0.143368
3.60797,0.111522
3.60797,0.117148
3.60797,0.103622
3.60797,0.157229
3.60797,0.123169
3.60797,0.0904211
3.57883,0.0591682
3.57883,0.0505163
3.57883,0.0107585
3.41281,0.106877
3.41281,0.124353
3.41281,0.149353
3.41281,0.165175
3.41281,0.120943
2.96126,0.13022
2.96126,0.127705
2.96126,0.188383
2.96126,0.120506
2.96126,0.137135
2.96126,0.167701
2.96126,0.189103
2.96126,0.139384
2.96126,0.0878934
2.96126,-0.00996417
2.96126,0.0904748
2.96126,0.15247
2.96126,0.172665
2.96126,0.145654
2.96126,0.193342
2.96126,0.104225
2.96126,0.13594
2.96126,-0.0021692
2.96126,0.0282343
2.96126,0.153007
2.96126,0.140443
2.96126,0.10058
2.96126,0.16568
2.96126,0.107237
2.96126,0.157908
2.96126,0.164662
2.96126,0.172467
2.96126,0.161097
2.96126,0.141755
2.96126,0.126332
2.96126,0.141918
2.96126,0.164571
2.71264,0.154573
2.71264,0.000335499
2.71264,0.160114
2.71264,0.0939755
2.71264,0.092539
2.71264,0.139308
2.71264,0.0998015
2.71264,0.125898
2.71264,0.115575
2.71264,0.0561402
2.71264,0.19123
2.71264,0.0814643
2.71264,0.148589
2.71264,0.114411
2.71264,0.128474
2.71264,0.156343
2.71264,0.0823882
2.71264,0.156293
2.71264,0.121122
2.71264,0.0759938
2.41851,0.133883
2.41851,0.102082
2.41851,0.191533
2.41851,0.1766
2.41851,0.138249
2.41851,0.131099
2.41851,0.103677
2.41851,0.134567
2.41851,0.113397
2.41851,0.151844
2.41851,0.122804
2.41851,0.130263
2.41851,0.130626
2.41851,0.0995131
2.41851,0.114137
2.41851,0.136645
2.41851,0.138283
2.41851,0.12171
2.41851,0.151107
2.41851,0.130833
2.41851,0.137402
2.41851,0.123051
2.41851,0.108939
2.41851,0.127879
2.41851,0.183574
2.41851,0.133304
2.41851,0.0918891
2.41851,0.072742
2.41851,0.143028
2.41851,0.103971
2.41851,0.139405
2.41851,0.137896
2.41851,0.167311
2.41851,0.11655
2.41851,0.088897
2.41851,0.125541
2.41851,0.117174
2.41851,0.138555
2.41851,0.139581
2.41851,0.15318
2.41851,0.140047
2.41851,0.139696
2.41851,0.0905943
2.41851,0.109777
2.41851,0.141685
2.41851,0.122874
2.41851,0.122475
2.41851,0.151776
2.41851,0.124897
2.26753,0.0965646
2.26753,0.00826247
2.26753,0.0802596
2.26753,0.0114961
1.87833,-0.00913027
1.81237,0.19597
1.81237,0.129989
1.81237,0.219076
1.39034,0.0124006
1.39034,0.00871892
1.39034,-0.0296498
1.39034,-0.0283685
1.39034,-0.0465069
1.39034,0.00581161
